{"cameraMode":{"drawMode":0,"name":"Shaded","section":"Shading Mode"},"sceneLighting":false,"audioPlay":false,"sceneViewState":{"m_AlwaysRefresh":false,"showFog":true,"showSkybox":false,"showFlares":true,"showImageEffects":true,"showParticleSystems":true,"showVisualEffectGraphs":true,"m_FxEnabled":true},"in2DMode":false,"pivot":{"x":-26.844999313354493,"y":0.7929999828338623,"z":18.48261833190918},"rotation":{"x":-0.16719844937324525,"y":-0.8300772905349731,"z":0.33568909764289858,"w":-0.41338562965393069},"size":0.1470620185136795,"orthographic":false}