{"cameraMode":{"drawMode":0,"name":"Shaded","section":"Shading Mode"},"sceneLighting":false,"audioPlay":false,"sceneViewState":{"m_AlwaysRefresh":false,"showFog":false,"showSkybox":false,"showFlares":false,"showImageEffects":false,"showParticleSystems":false,"showVisualEffectGraphs":true,"m_FxEnabled":true},"in2DMode":false,"pivot":{"x":-0.6786613464355469,"y":0.18749096989631654,"z":-1.9835526943206788},"rotation":{"x":0.011966436170041561,"y":0.988114058971405,"z":0.020897721871733667,"w":-0.15804937481880189},"size":1.241605281829834,"orthographic":false}