{"cameraMode":{"drawMode":0,"name":"Shaded","section":"Shading Mode"},"sceneLighting":false,"audioPlay":false,"sceneViewState":{"m_AlwaysRefresh":false,"showFog":true,"showSkybox":false,"showFlares":true,"showImageEffects":true,"showParticleSystems":true,"showVisualEffectGraphs":true,"m_FxEnabled":true},"in2DMode":false,"pivot":{"x":-24.128005981445314,"y":0.39399999380111697,"z":-14.75584602355957},"rotation":{"x":0.07886427640914917,"y":0.6278111338615418,"z":-0.06589560210704804,"w":0.7721052169799805},"size":0.5279291272163391,"orthographic":false}