{"cameraMode":{"drawMode":0,"name":"Shaded","section":"Shading Mode"},"sceneLighting":true,"audioPlay":false,"sceneViewState":{"m_AlwaysRefresh":false,"showFog":true,"showSkybox":false,"showFlares":true,"showImageEffects":true,"showParticleSystems":true,"showVisualEffectGraphs":true,"m_FxEnabled":true},"in2DMode":false,"pivot":{"x":0.628748893737793,"y":3.9226818084716799,"z":-0.6903219223022461},"rotation":{"x":0.027970917522907258,"y":-0.5405651926994324,"z":0.01752299629151821,"w":0.8408114910125732},"size":24.24871063232422,"orthographic":false}