{"cameraMode":{"drawMode":0,"name":"Shaded","section":"Shading Mode"},"sceneLighting":true,"audioPlay":false,"sceneViewState":{"m_AlwaysRefresh":false,"showFog":true,"showSkybox":false,"showFlares":true,"showImageEffects":true,"showParticleSystems":true,"showVisualEffectGraphs":true,"m_FxEnabled":true},"in2DMode":false,"pivot":{"x":-21.110000610351564,"y":4.194999694824219,"z":14.36400032043457},"rotation":{"x":0.07161740213632584,"y":0.9023357629776001,"z":0.16571509838104249,"w":-0.39178773760795596},"size":18.186532974243165,"orthographic":false}