{"cameraMode":{"drawMode":0,"name":"Shaded","section":"Shading Mode"},"sceneLighting":true,"audioPlay":false,"sceneViewState":{"m_AlwaysRefresh":false,"showFog":true,"showSkybox":true,"showFlares":true,"showImageEffects":true,"showParticleSystems":true,"showVisualEffectGraphs":true,"m_FxEnabled":true},"in2DMode":false,"pivot":{"x":-0.057350993156433108,"y":2.9735493659973146,"z":-1.308199405670166},"rotation":{"x":0.04425019770860672,"y":-0.7101457715034485,"z":0.04478694498538971,"w":0.7012733817100525},"size":0.8660253882408142,"orthographic":false}