{"cameraMode":{"drawMode":0,"name":"Shaded","section":"Shading Mode"},"sceneLighting":true,"audioPlay":false,"sceneViewState":{"m_AlwaysRefresh":false,"showFog":true,"showSkybox":true,"showFlares":true,"showImageEffects":true,"showParticleSystems":true,"showVisualEffectGraphs":true,"m_FxEnabled":false},"in2DMode":false,"pivot":{"x":-10.766922950744629,"y":2.5731492042541506,"z":-23.92487335205078},"rotation":{"x":0.0060294982977211479,"y":0.23271261155605317,"z":-0.00956986378878355,"w":-0.9744835495948792},"size":0.5841477513313294,"orthographic":false}