{"cameraMode":{"drawMode":0,"name":"Shaded","section":"Shading Mode"},"sceneLighting":true,"audioPlay":false,"sceneViewState":{"m_AlwaysRefresh":false,"showFog":true,"showSkybox":true,"showFlares":true,"showImageEffects":true,"showParticleSystems":true,"showVisualEffectGraphs":true,"m_FxEnabled":true},"in2DMode":false,"pivot":{"x":-19.734724044799806,"y":2.7397544384002687,"z":-9.840301513671875},"rotation":{"x":-0.03038911148905754,"y":-0.9238922595977783,"z":0.07534462213516236,"w":-0.3746625781059265},"size":1.7594860792160035,"orthographic":false}