{"cameraMode":{"drawMode":0,"name":"Shaded","section":"Shading Mode"},"sceneLighting":true,"audioPlay":false,"sceneViewState":{"m_AlwaysRefresh":false,"showFog":true,"showSkybox":true,"showFlares":true,"showImageEffects":true,"showParticleSystems":true,"showVisualEffectGraphs":true,"m_FxEnabled":true},"in2DMode":false,"pivot":{"x":-16.184980392456056,"y":2.558361291885376,"z":5.5887956619262699},"rotation":{"x":0.005097478162497282,"y":0.01673944666981697,"z":0.00042762316297739744,"w":-1.0001885890960694},"size":0.5503535270690918,"orthographic":false}