{"cameraMode":{"drawMode":0,"name":"Shaded","section":"Shading Mode"},"sceneLighting":true,"audioPlay":false,"sceneViewState":{"m_AlwaysRefresh":false,"showFog":true,"showSkybox":true,"showFlares":true,"showImageEffects":true,"showParticleSystems":true,"showVisualEffectGraphs":true,"m_FxEnabled":false},"in2DMode":false,"pivot":{"x":-14.558965682983399,"y":5.5283050537109379,"z":-7.787134170532227},"rotation":{"x":-0.12614409625530244,"y":0.16609635949134828,"z":-0.02299654297530651,"w":-0.9791045188903809},"size":0.31223469972610476,"orthographic":false}