{"cameraMode":{"drawMode":0,"name":"Shaded","section":"Shading Mode"},"sceneLighting":true,"audioPlay":false,"sceneViewState":{"m_AlwaysRefresh":false,"showFog":true,"showSkybox":true,"showFlares":true,"showImageEffects":true,"showParticleSystems":true,"showVisualEffectGraphs":true,"m_FxEnabled":false},"in2DMode":false,"pivot":{"x":-13.007051467895508,"y":1.8510541915893555,"z":1.9124436378479005},"rotation":{"x":0.05354892835021019,"y":0.3157184422016144,"z":-0.022646982222795488,"w":0.9487084150314331},"size":4.721279144287109,"orthographic":false}