{"cameraMode":{"drawMode":0,"name":"Shaded","section":"Shading Mode"},"sceneLighting":true,"audioPlay":false,"sceneViewState":{"m_AlwaysRefresh":false,"showFog":true,"showSkybox":true,"showFlares":true,"showImageEffects":true,"showParticleSystems":true,"showVisualEffectGraphs":true,"m_FxEnabled":true},"in2DMode":false,"pivot":{"x":0.4563283920288086,"y":-13.364477157592774,"z":171.1475067138672},"rotation":{"x":-0.06614265590906143,"y":-0.05862841010093689,"z":0.004187879152595997,"w":-0.9962610602378845},"size":66.33170318603516,"orthographic":false}