{"cameraMode":{"drawMode":0,"name":"Shaded","section":"Shading Mode"},"sceneLighting":true,"audioPlay":false,"sceneViewState":{"m_AlwaysRefresh":false,"showFog":true,"showSkybox":true,"showFlares":true,"showImageEffects":true,"showParticleSystems":true,"showVisualEffectGraphs":true,"m_FxEnabled":true},"in2DMode":false,"pivot":{"x":-20.812667846679689,"y":7.119494438171387,"z":42.704010009765628},"rotation":{"x":-0.030300119891762735,"y":-0.9555804133415222,"z":0.10592713207006455,"w":-0.27344369888305666},"size":9.476664543151856,"orthographic":false}