{"cameraMode":{"drawMode":0,"name":"Shaded","section":"Shading Mode"},"sceneLighting":true,"audioPlay":false,"sceneViewState":{"m_AlwaysRefresh":false,"showFog":true,"showSkybox":true,"showFlares":true,"showImageEffects":true,"showParticleSystems":true,"showVisualEffectGraphs":true,"m_FxEnabled":false},"in2DMode":false,"pivot":{"x":-26.904415130615236,"y":3.1332437992095949,"z":-1.7822078466415406},"rotation":{"x":0.041801877319812778,"y":-0.9317361116409302,"z":0.12145648151636124,"w":0.34783804416656496},"size":3.3174962997436525,"orthographic":false}