{"cameraMode":{"drawMode":0,"name":"Shaded","section":"Shading Mode"},"sceneLighting":true,"audioPlay":false,"sceneViewState":{"m_AlwaysRefresh":false,"showFog":true,"showSkybox":true,"showFlares":true,"showImageEffects":true,"showParticleSystems":true,"showVisualEffectGraphs":true,"m_FxEnabled":true},"in2DMode":false,"pivot":{"x":-4.966213226318359,"y":2.0615341663360597,"z":0.2985107898712158},"rotation":{"x":0.03796534985303879,"y":0.2648457884788513,"z":-0.012485905550420285,"w":0.9641019105911255},"size":0.5807797312736511,"orthographic":false}