{"cameraMode":{"drawMode":0,"name":"Shaded","section":"Shading Mode"},"sceneLighting":true,"audioPlay":false,"sceneViewState":{"m_AlwaysRefresh":false,"showFog":true,"showSkybox":true,"showFlares":true,"showImageEffects":true,"showParticleSystems":true,"showVisualEffectGraphs":true,"m_FxEnabled":false},"in2DMode":false,"pivot":{"x":4.466797351837158,"y":3.522602081298828,"z":14.248686790466309},"rotation":{"x":-0.01838492415845394,"y":-0.9671321511268616,"z":0.13211780786514283,"w":-0.23052045702934266},"size":1.2448042631149293,"orthographic":false}