{"cameraMode":{"drawMode":0,"name":"Shaded","section":"Shading Mode"},"sceneLighting":true,"audioPlay":false,"sceneViewState":{"m_AlwaysRefresh":false,"showFog":true,"showSkybox":true,"showFlares":true,"showImageEffects":true,"showParticleSystems":true,"showVisualEffectGraphs":true,"m_FxEnabled":true},"in2DMode":false,"pivot":{"x":-22.674104690551759,"y":3.025148391723633,"z":23.328962326049806},"rotation":{"x":0.06609807163476944,"y":-0.720360279083252,"z":0.0632694736123085,"w":0.6882581114768982},"size":0.032167766243219379,"orthographic":false}