{"cameraMode":{"drawMode":0,"name":"Shaded","section":"Shading Mode"},"sceneLighting":true,"audioPlay":false,"sceneViewState":{"m_AlwaysRefresh":false,"showFog":true,"showSkybox":true,"showFlares":true,"showImageEffects":true,"showParticleSystems":true,"showVisualEffectGraphs":true,"m_FxEnabled":false},"in2DMode":false,"pivot":{"x":-16.504405975341798,"y":4.254324913024902,"z":-4.892466068267822},"rotation":{"x":-0.03370334953069687,"y":-0.16827760636806489,"z":0.013197525404393673,"w":-0.9865238070487976},"size":0.8852550983428955,"orthographic":false}