{"cameraMode":{"drawMode":0,"name":"Shaded","section":"Shading Mode"},"sceneLighting":true,"audioPlay":false,"sceneViewState":{"m_AlwaysRefresh":false,"showFog":true,"showSkybox":true,"showFlares":true,"showImageEffects":true,"showParticleSystems":true,"showVisualEffectGraphs":true,"m_FxEnabled":true},"in2DMode":false,"pivot":{"x":-3.5260887145996095,"y":-11.218515396118164,"z":-3.0507373809814455},"rotation":{"x":-0.09700597822666168,"y":-0.9007518291473389,"z":0.2623802125453949,"w":-0.33245977759361269},"size":29.485187530517579,"orthographic":false}