{"cameraMode":{"drawMode":0,"name":"Shaded","section":"Shading Mode"},"sceneLighting":true,"audioPlay":false,"sceneViewState":{"m_AlwaysRefresh":false,"showFog":true,"showSkybox":true,"showFlares":true,"showImageEffects":true,"showParticleSystems":true,"showVisualEffectGraphs":true,"m_FxEnabled":false},"in2DMode":false,"pivot":{"x":-7.765008926391602,"y":0.9834332466125488,"z":4.057051658630371},"rotation":{"x":-0.07167356461286545,"y":-0.25152990221977236,"z":0.026135677471756936,"w":-0.9683287739753723},"size":6.537415027618408,"orthographic":false}