{"cameraMode":{"drawMode":0,"name":"Shaded","section":"Shading Mode"},"sceneLighting":true,"audioPlay":false,"sceneViewState":{"m_AlwaysRefresh":false,"showFog":true,"showSkybox":true,"showFlares":true,"showImageEffects":true,"showParticleSystems":true,"showVisualEffectGraphs":true,"m_FxEnabled":true},"in2DMode":false,"pivot":{"x":-10.668895721435547,"y":2.126875877380371,"z":-1.29099440574646},"rotation":{"x":0.0002119472046615556,"y":1.0002013444900513,"z":-0.021006274968385698,"w":-0.00009750237222760916},"size":0.8660253882408142,"orthographic":false}