{"cameraMode":{"drawMode":0,"name":"Shaded","section":"Shading Mode"},"sceneLighting":true,"audioPlay":false,"sceneViewState":{"m_AlwaysRefresh":false,"showFog":true,"showSkybox":true,"showFlares":true,"showImageEffects":true,"showParticleSystems":true,"showVisualEffectGraphs":true,"m_FxEnabled":true},"in2DMode":false,"pivot":{"x":-3.285349130630493,"y":2.6629178524017336,"z":10.903765678405762},"rotation":{"x":0.023193351924419404,"y":-0.9746904373168945,"z":0.12356744706630707,"w":0.18739724159240724},"size":0.5991803407669067,"orthographic":false}