{"cameraMode":{"drawMode":0,"name":"Shaded","section":"Shading Mode"},"sceneLighting":true,"audioPlay":false,"sceneViewState":{"m_AlwaysRefresh":false,"showFog":true,"showSkybox":true,"showFlares":true,"showImageEffects":true,"showParticleSystems":true,"showVisualEffectGraphs":true,"m_FxEnabled":false},"in2DMode":false,"pivot":{"x":-14.726394653320313,"y":0.004876375198364258,"z":4.0128173828125},"rotation":{"x":0.02030692994594574,"y":0.9969900846481323,"z":-0.024569615721702577,"w":0.09541033953428269},"size":23.2711238861084,"orthographic":false}