{"cameraMode":{"drawMode":0,"name":"Shaded","section":"Shading Mode"},"sceneLighting":true,"audioPlay":false,"sceneViewState":{"m_AlwaysRefresh":false,"showFog":true,"showSkybox":true,"showFlares":true,"showImageEffects":true,"showParticleSystems":true,"showVisualEffectGraphs":true,"m_FxEnabled":false},"in2DMode":false,"pivot":{"x":-22.041288375854493,"y":3.168682336807251,"z":6.5038580894470219},"rotation":{"x":-0.08043862134218216,"y":0.8762713670730591,"z":-0.1531040072441101,"w":-0.45635780692100527},"size":1.2448042631149293,"orthographic":false}