{"cameraMode":{"drawMode":0,"name":"Shaded","section":"Shading Mode"},"sceneLighting":true,"audioPlay":false,"sceneViewState":{"m_AlwaysRefresh":false,"showFog":true,"showSkybox":true,"showFlares":true,"showImageEffects":true,"showParticleSystems":true,"showVisualEffectGraphs":true,"m_FxEnabled":false},"in2DMode":false,"pivot":{"x":-3.5937201976776125,"y":2.5585217475891115,"z":-5.146475791931152},"rotation":{"x":0.07444514334201813,"y":-0.4316502511501312,"z":0.02729353867471218,"w":0.9001549482345581},"size":0.8852550983428955,"orthographic":false}