{"cameraMode":{"drawMode":0,"name":"Shaded","section":"Shading Mode"},"sceneLighting":true,"audioPlay":false,"sceneViewState":{"m_AlwaysRefresh":false,"showFog":true,"showSkybox":true,"showFlares":true,"showImageEffects":true,"showParticleSystems":true,"showVisualEffectGraphs":true,"m_FxEnabled":false},"in2DMode":false,"pivot":{"x":-39.65779495239258,"y":0.2976110279560089,"z":0.41404402256011965},"rotation":{"x":-0.037954412400722507,"y":0.6614720225334168,"z":-0.031077967956662179,"w":-0.7517717480659485},"size":17.393491744995118,"orthographic":false}