{"cameraMode":{"drawMode":0,"name":"Shaded","section":"Shading Mode"},"sceneLighting":true,"audioPlay":false,"sceneViewState":{"m_AlwaysRefresh":false,"showFog":true,"showSkybox":true,"showFlares":true,"showImageEffects":true,"showParticleSystems":true,"showVisualEffectGraphs":true,"m_FxEnabled":false},"in2DMode":false,"pivot":{"x":-15.188763618469239,"y":2.032318592071533,"z":4.885132789611816},"rotation":{"x":0.005520850419998169,"y":0.9775195121765137,"z":-0.005852619186043739,"w":0.21664288640022279},"size":0.8660253882408142,"orthographic":false}