{"cameraMode":{"drawMode":0,"name":"Shaded","section":"Shading Mode"},"sceneLighting":true,"audioPlay":false,"sceneViewState":{"m_AlwaysRefresh":false,"showFog":true,"showSkybox":true,"showFlares":true,"showImageEffects":true,"showParticleSystems":true,"showVisualEffectGraphs":true,"m_FxEnabled":false},"in2DMode":false,"pivot":{"x":-24.623512268066408,"y":2.6480157375335695,"z":21.280290603637697},"rotation":{"x":-0.0616341270506382,"y":-0.6477175354957581,"z":0.049384791404008868,"w":-0.7599368691444397},"size":1.322725534439087,"orthographic":false}