{"cameraMode":{"drawMode":0,"name":"Shaded","section":"Shading Mode"},"sceneLighting":true,"audioPlay":false,"sceneViewState":{"m_AlwaysRefresh":false,"showFog":true,"showSkybox":true,"showFlares":true,"showImageEffects":true,"showParticleSystems":true,"showVisualEffectGraphs":true,"m_FxEnabled":true},"in2DMode":false,"pivot":{"x":-7.403858184814453,"y":1.7305543422698975,"z":-3.7609329223632814},"rotation":{"x":0.0012700030347332359,"y":0.9582058191299439,"z":-0.0052612703293561939,"w":0.28797680139541628},"size":24.24871063232422,"orthographic":false}