{"cameraMode":{"drawMode":0,"name":"Shaded","section":"Shading Mode"},"sceneLighting":true,"audioPlay":false,"sceneViewState":{"m_AlwaysRefresh":false,"showFog":true,"showSkybox":true,"showFlares":true,"showImageEffects":true,"showParticleSystems":true,"showVisualEffectGraphs":true,"m_FxEnabled":false},"in2DMode":false,"pivot":{"x":2.6462202072143556,"y":1.7164828777313233,"z":0.5826596021652222},"rotation":{"x":0.012242439202964306,"y":0.9505626559257507,"z":-0.015894675627350808,"w":0.31820109486579897},"size":21.413429260253908,"orthographic":false}