{"cameraMode":{"drawMode":0,"name":"Shaded","section":"Shading Mode"},"sceneLighting":true,"audioPlay":false,"sceneViewState":{"m_AlwaysRefresh":false,"showFog":true,"showSkybox":true,"showFlares":true,"showImageEffects":true,"showParticleSystems":true,"showVisualEffectGraphs":true,"m_FxEnabled":false},"in2DMode":false,"pivot":{"x":22.985218048095704,"y":0.8259871006011963,"z":-15.808623313903809},"rotation":{"x":0.017618069425225259,"y":0.8313395380973816,"z":-0.01099538803100586,"w":0.5601202845573425},"size":21.413429260253908,"orthographic":false}