{"cameraMode":{"drawMode":0,"name":"Shaded","section":"Shading Mode"},"sceneLighting":true,"audioPlay":false,"sceneViewState":{"m_AlwaysRefresh":false,"showFog":true,"showSkybox":true,"showFlares":true,"showImageEffects":true,"showParticleSystems":true,"showVisualEffectGraphs":true,"m_FxEnabled":true},"in2DMode":false,"pivot":{"x":-0.49346408247947695,"y":1.5484541654586793,"z":4.668928623199463},"rotation":{"x":-0.19703339040279389,"y":-0.11698488146066666,"z":0.024722835049033166,"w":-0.9735590219497681},"size":2.2656359672546388,"orthographic":false}