{"cameraMode":{"drawMode":0,"name":"Shaded","section":"Shading Mode"},"sceneLighting":true,"audioPlay":false,"sceneViewState":{"m_AlwaysRefresh":false,"showFog":true,"showSkybox":true,"showFlares":true,"showImageEffects":true,"showParticleSystems":true,"showVisualEffectGraphs":true,"m_FxEnabled":true},"in2DMode":false,"pivot":{"x":-13.319881439208985,"y":-10.523338317871094,"z":2.5255775451660158},"rotation":{"x":-0.06548647582530976,"y":-0.9043541550636292,"z":0.39413660764694216,"w":-0.15025494992733003},"size":21.8593692779541,"orthographic":false}