{"cameraMode":{"drawMode":0,"name":"Shaded","section":"Shading Mode"},"sceneLighting":true,"audioPlay":false,"sceneViewState":{"m_AlwaysRefresh":false,"showFog":true,"showSkybox":true,"showFlares":true,"showImageEffects":true,"showParticleSystems":true,"showVisualEffectGraphs":true,"m_FxEnabled":false},"in2DMode":false,"pivot":{"x":1.540953278541565,"y":3.0036656856536867,"z":6.57864236831665},"rotation":{"x":0.008545845746994019,"y":0.554911196231842,"z":-0.018486827611923219,"w":0.8354011178016663},"size":1.2448042631149293,"orthographic":false}