{"cameraMode":{"drawMode":0,"name":"Shaded","section":"Shading Mode"},"sceneLighting":true,"audioPlay":false,"sceneViewState":{"m_AlwaysRefresh":false,"showFog":true,"showSkybox":true,"showFlares":true,"showImageEffects":true,"showParticleSystems":true,"showVisualEffectGraphs":true,"m_FxEnabled":false},"in2DMode":false,"pivot":{"x":-3.9180428981781008,"y":-3.228677272796631,"z":37.57305145263672},"rotation":{"x":0.08210501819849014,"y":0.016585243865847589,"z":0.0040252902545034889,"w":0.9990870356559753},"size":21.413429260253908,"orthographic":false}