{"cameraMode":{"drawMode":0,"name":"Shaded","section":"Shading Mode"},"sceneLighting":true,"audioPlay":false,"sceneViewState":{"m_AlwaysRefresh":false,"showFog":true,"showSkybox":true,"showFlares":true,"showImageEffects":true,"showParticleSystems":true,"showVisualEffectGraphs":true,"m_FxEnabled":true},"in2DMode":false,"pivot":{"x":-14.973780632019043,"y":1.6606577634811402,"z":23.54796600341797},"rotation":{"x":-0.0028979498893022539,"y":0.997590959072113,"z":-0.01678111031651497,"w":0.07746390253305435},"size":12.209565162658692,"orthographic":false}