{"cameraMode":{"drawMode":0,"name":"Shaded","section":"Shading Mode"},"sceneLighting":true,"audioPlay":false,"sceneViewState":{"m_AlwaysRefresh":false,"showFog":true,"showSkybox":true,"showFlares":true,"showImageEffects":true,"showParticleSystems":true,"showVisualEffectGraphs":true,"m_FxEnabled":false},"in2DMode":false,"pivot":{"x":-5.722046852111816,"y":7.7173590660095219,"z":-20.25779914855957},"rotation":{"x":0.0006712496397085488,"y":0.9836549758911133,"z":0.08608211576938629,"w":0.1708356887102127},"size":15.273207664489746,"orthographic":false}