{"cameraMode":{"drawMode":0,"name":"Shaded","section":"Shading Mode"},"sceneLighting":true,"audioPlay":false,"sceneViewState":{"m_AlwaysRefresh":false,"showFog":true,"showSkybox":true,"showFlares":true,"showImageEffects":true,"showParticleSystems":true,"showVisualEffectGraphs":true,"m_FxEnabled":false},"in2DMode":false,"pivot":{"x":-22.812711715698243,"y":1.722469449043274,"z":21.54328727722168},"rotation":{"x":0.03391341492533684,"y":-0.24486300349235536,"z":0.010457515716552735,"w":0.9706975817680359},"size":11.696578025817871,"orthographic":false}