{"cameraMode":{"drawMode":0,"name":"Shaded","section":"Shading Mode"},"sceneLighting":true,"audioPlay":false,"sceneViewState":{"m_AlwaysRefresh":false,"showFog":true,"showSkybox":true,"showFlares":true,"showImageEffects":true,"showParticleSystems":true,"showVisualEffectGraphs":true,"m_FxEnabled":true},"in2DMode":false,"pivot":{"x":-13.976248741149903,"y":-3.02274751663208,"z":-46.55686569213867},"rotation":{"x":0.008822888135910035,"y":0.995991587638855,"z":0.0039045074954628946,"w":0.09918750822544098},"size":23.323139190673829,"orthographic":false}