{"cameraMode":{"drawMode":0,"name":"Shaded","section":"Shading Mode"},"sceneLighting":true,"audioPlay":false,"sceneViewState":{"m_AlwaysRefresh":false,"showFog":true,"showSkybox":true,"showFlares":true,"showImageEffects":true,"showParticleSystems":true,"showVisualEffectGraphs":true,"m_FxEnabled":true},"in2DMode":false,"pivot":{"x":-25.436805725097658,"y":4.171444892883301,"z":44.470401763916019},"rotation":{"x":-0.006492525339126587,"y":-0.9830114245414734,"z":0.04091506451368332,"w":-0.1820075511932373},"size":1.4623067378997803,"orthographic":false}