{"cameraMode":{"drawMode":0,"name":"Shaded","section":"Shading Mode"},"sceneLighting":true,"audioPlay":false,"sceneViewState":{"m_AlwaysRefresh":false,"showFog":true,"showSkybox":true,"showFlares":true,"showImageEffects":true,"showParticleSystems":true,"showVisualEffectGraphs":true,"m_FxEnabled":false},"in2DMode":false,"pivot":{"x":-17.811418533325197,"y":-3.8496885299682619,"z":32.98387908935547},"rotation":{"x":0.0787501111626625,"y":-0.1675802320241928,"z":0.026161562651395799,"w":0.9850929975509644},"size":21.413429260253908,"orthographic":false}