{"cameraMode":{"drawMode":0,"name":"Shaded","section":"Shading Mode"},"sceneLighting":true,"audioPlay":false,"sceneViewState":{"m_AlwaysRefresh":false,"showFog":true,"showSkybox":true,"showFlares":true,"showImageEffects":true,"showParticleSystems":true,"showVisualEffectGraphs":true,"m_FxEnabled":true},"in2DMode":false,"pivot":{"x":-27.257591247558595,"y":1.1161829233169556,"z":-2.716014862060547},"rotation":{"x":-0.043241407722234729,"y":0.9211122393608093,"z":-0.0852821096777916,"w":-0.37943214178085329},"size":4.470738887786865,"orthographic":false}