{"cameraMode":{"drawMode":0,"name":"Shaded","section":"Shading Mode"},"sceneLighting":true,"audioPlay":false,"sceneViewState":{"m_AlwaysRefresh":false,"showFog":true,"showSkybox":true,"showFlares":true,"showImageEffects":true,"showParticleSystems":true,"showVisualEffectGraphs":true,"m_FxEnabled":true},"in2DMode":false,"pivot":{"x":-22.024633407592775,"y":4.362526893615723,"z":20.282947540283204},"rotation":{"x":0.09818344563245774,"y":-0.5672540664672852,"z":0.06852912157773972,"w":0.8149769306182861},"size":0.8660253882408142,"orthographic":false}