{"cameraMode":{"drawMode":0,"name":"Shaded","section":"Shading Mode"},"sceneLighting":true,"audioPlay":false,"sceneViewState":{"m_AlwaysRefresh":false,"showFog":true,"showSkybox":true,"showFlares":true,"showImageEffects":true,"showParticleSystems":true,"showVisualEffectGraphs":true,"m_FxEnabled":true},"in2DMode":false,"pivot":{"x":-14.881998062133789,"y":2.7285215854644777,"z":0.9356633424758911},"rotation":{"x":0.01584537886083126,"y":-0.17611800134181977,"z":0.0017480776878073812,"w":0.984682023525238},"size":0.6583654880523682,"orthographic":false}