{"cameraMode":{"drawMode":0,"name":"Shaded","section":"Shading Mode"},"sceneLighting":true,"audioPlay":false,"sceneViewState":{"m_AlwaysRefresh":false,"showFog":true,"showSkybox":true,"showFlares":true,"showImageEffects":true,"showParticleSystems":true,"showVisualEffectGraphs":true,"m_FxEnabled":true},"in2DMode":false,"pivot":{"x":-0.04363441467285156,"y":1.6804919242858887,"z":9.038643836975098},"rotation":{"x":0.04294462874531746,"y":0.2743177115917206,"z":-0.013600579462945462,"w":0.9619016647338867},"size":4.587078094482422,"orthographic":false}