{"cameraMode":{"drawMode":0,"name":"Shaded","section":"Shading Mode"},"sceneLighting":true,"audioPlay":false,"sceneViewState":{"m_AlwaysRefresh":false,"showFog":true,"showSkybox":true,"showFlares":true,"showImageEffects":true,"showParticleSystems":true,"showVisualEffectGraphs":true,"m_FxEnabled":true},"in2DMode":false,"pivot":{"x":-15.941092491149903,"y":2.1232235431671144,"z":1.035372018814087},"rotation":{"x":-0.033945247530937198,"y":-0.9477058053016663,"z":0.07881112396717072,"w":-0.31080445647239687},"size":0.9049965143203735,"orthographic":false}