{"cameraMode":{"drawMode":0,"name":"Shaded","section":"Shading Mode"},"sceneLighting":true,"audioPlay":false,"sceneViewState":{"m_AlwaysRefresh":false,"showFog":true,"showSkybox":true,"showFlares":true,"showImageEffects":true,"showParticleSystems":true,"showVisualEffectGraphs":true,"m_FxEnabled":false},"in2DMode":false,"pivot":{"x":5.2090325355529789,"y":1.874779224395752,"z":6.669548511505127},"rotation":{"x":-0.06452567875385285,"y":0.16129301488399507,"z":-0.0016023741336539388,"w":-0.9882284998893738},"size":1.0221916437149048,"orthographic":false}