{"cameraMode":{"drawMode":0,"name":"Shaded","section":"Shading Mode"},"sceneLighting":true,"audioPlay":false,"sceneViewState":{"m_AlwaysRefresh":false,"showFog":true,"showSkybox":true,"showFlares":true,"showImageEffects":true,"showParticleSystems":true,"showVisualEffectGraphs":true,"m_FxEnabled":true},"in2DMode":false,"pivot":{"x":-7.101217746734619,"y":3.2202060222625734,"z":-6.7768635749816898},"rotation":{"x":-0.16426320374011994,"y":0.14416974782943726,"z":-0.02428150363266468,"w":-0.9755825400352478},"size":0.1424790769815445,"orthographic":false}