{"cameraMode":{"drawMode":0,"name":"Shaded","section":"Shading Mode"},"sceneLighting":true,"audioPlay":false,"sceneViewState":{"m_AlwaysRefresh":false,"showFog":true,"showSkybox":true,"showFlares":true,"showImageEffects":true,"showParticleSystems":true,"showVisualEffectGraphs":true,"m_FxEnabled":true},"in2DMode":false,"pivot":{"x":-2.5952587127685549,"y":2.1169238090515138,"z":13.591286659240723},"rotation":{"x":0.0038709910586476328,"y":0.9921034574508667,"z":-0.13041114807128907,"w":-0.028797347098588945},"size":0.8660253882408142,"orthographic":false}