{"cameraMode":{"drawMode":0,"name":"Shaded","section":"Shading Mode"},"sceneLighting":true,"audioPlay":false,"sceneViewState":{"m_AlwaysRefresh":false,"showFog":true,"showSkybox":true,"showFlares":true,"showImageEffects":true,"showParticleSystems":true,"showVisualEffectGraphs":true,"m_FxEnabled":true},"in2DMode":false,"pivot":{"x":-6.853961944580078,"y":3.0638060569763185,"z":-1.8964017629623414},"rotation":{"x":0.058374255895614627,"y":0.4318658113479614,"z":-0.028058547526597978,"w":0.899649441242218},"size":0.16651780903339387,"orthographic":false}