{"cameraMode":{"drawMode":0,"name":"Shaded","section":"Shading Mode"},"sceneLighting":true,"audioPlay":false,"sceneViewState":{"m_AlwaysRefresh":false,"showFog":true,"showSkybox":true,"showFlares":true,"showImageEffects":true,"showParticleSystems":true,"showVisualEffectGraphs":true,"m_FxEnabled":true},"in2DMode":false,"pivot":{"x":-10.823700904846192,"y":2.897223949432373,"z":-2.2791314125061037},"rotation":{"x":0.02592061087489128,"y":0.05705224350094795,"z":-0.009444575756788254,"w":0.9987400770187378},"size":1.5347670316696168,"orthographic":false}