{"cameraMode":{"drawMode":0,"name":"Shaded","section":"Shading Mode"},"sceneLighting":true,"audioPlay":false,"sceneViewState":{"m_AlwaysRefresh":false,"showFog":true,"showSkybox":true,"showFlares":true,"showImageEffects":true,"showParticleSystems":true,"showVisualEffectGraphs":true,"m_FxEnabled":true},"in2DMode":false,"pivot":{"x":-5.937470436096191,"y":0.36900103092193606,"z":27.755746841430665},"rotation":{"x":0.07296895980834961,"y":-0.11511382460594177,"z":0.008480246178805828,"w":0.9909852743148804},"size":7.9455976486206059,"orthographic":false}