{"cameraMode":{"drawMode":0,"name":"Shaded","section":"Shading Mode"},"sceneLighting":true,"audioPlay":false,"sceneViewState":{"m_AlwaysRefresh":false,"showFog":true,"showSkybox":true,"showFlares":true,"showImageEffects":true,"showParticleSystems":true,"showVisualEffectGraphs":true,"m_FxEnabled":false},"in2DMode":false,"pivot":{"x":-20.087064743041993,"y":2.333437442779541,"z":14.521663665771485},"rotation":{"x":-0.06095841899514198,"y":-0.8282166123390198,"z":0.07578353583812714,"w":-0.5553945302963257},"size":0.9049965143203735,"orthographic":false}