{"cameraMode":{"drawMode":0,"name":"Shaded","section":"Shading Mode"},"sceneLighting":true,"audioPlay":false,"sceneViewState":{"m_AlwaysRefresh":false,"showFog":true,"showSkybox":true,"showFlares":true,"showImageEffects":true,"showParticleSystems":true,"showVisualEffectGraphs":true,"m_FxEnabled":false},"in2DMode":false,"pivot":{"x":-27.915937423706056,"y":3.1697020530700685,"z":22.25957679748535},"rotation":{"x":-0.07986839860677719,"y":-0.5162146091461182,"z":0.04360946640372276,"w":-0.8537759780883789},"size":0.8660253882408142,"orthographic":false}