{"cameraMode":{"drawMode":0,"name":"Shaded","section":"Shading Mode"},"sceneLighting":true,"audioPlay":false,"sceneViewState":{"m_AlwaysRefresh":false,"showFog":true,"showSkybox":true,"showFlares":true,"showImageEffects":true,"showParticleSystems":true,"showVisualEffectGraphs":true,"m_FxEnabled":true},"in2DMode":false,"pivot":{"x":4.377471446990967,"y":-1.0983198881149293,"z":14.867340087890625},"rotation":{"x":0.11178117990493775,"y":0.231279194355011,"z":-0.028462005779147149,"w":0.9669271111488342},"size":7.870833873748779,"orthographic":false}