{"cameraMode":{"drawMode":0,"name":"Shaded","section":"Shading Mode"},"sceneLighting":true,"audioPlay":false,"sceneViewState":{"m_AlwaysRefresh":false,"showFog":true,"showSkybox":true,"showFlares":true,"showImageEffects":true,"showParticleSystems":true,"showVisualEffectGraphs":true,"m_FxEnabled":true},"in2DMode":false,"pivot":{"x":-20.490324020385743,"y":-1.8011980056762696,"z":26.545305252075197},"rotation":{"x":-0.06424660235643387,"y":0.23187167942523957,"z":-0.014968794770538807,"w":-0.9706172943115234},"size":17.624713897705079,"orthographic":false}