{"cameraMode":{"drawMode":0,"name":"Shaded","section":"Shading Mode"},"sceneLighting":true,"audioPlay":false,"sceneViewState":{"m_AlwaysRefresh":false,"showFog":true,"showSkybox":true,"showFlares":true,"showImageEffects":true,"showParticleSystems":true,"showVisualEffectGraphs":true,"m_FxEnabled":true},"in2DMode":false,"pivot":{"x":4.2453203201293949,"y":2.8696494102478029,"z":-0.08357024192810059},"rotation":{"x":0.16661754250526429,"y":0.521770715713501,"z":-0.10459335893392563,"w":0.8301884531974793},"size":4.870230674743652,"orthographic":false}