{"cameraMode":{"drawMode":0,"name":"Shaded","section":"Shading Mode"},"sceneLighting":true,"audioPlay":false,"sceneViewState":{"m_AlwaysRefresh":false,"showFog":true,"showSkybox":true,"showFlares":true,"showImageEffects":true,"showParticleSystems":true,"showVisualEffectGraphs":true,"m_FxEnabled":false},"in2DMode":false,"pivot":{"x":-15.797243118286133,"y":2.9181406497955324,"z":5.566141128540039},"rotation":{"x":-0.03293921425938606,"y":-0.8985044360160828,"z":0.05506964400410652,"w":-0.4370839595794678},"size":0.5304789543151856,"orthographic":false}