{"cameraMode":{"drawMode":0,"name":"Shaded","section":"Shading Mode"},"sceneLighting":true,"audioPlay":false,"sceneViewState":{"m_AlwaysRefresh":false,"showFog":true,"showSkybox":true,"showFlares":true,"showImageEffects":true,"showParticleSystems":true,"showVisualEffectGraphs":true,"m_FxEnabled":true},"in2DMode":false,"pivot":{"x":-23.087827682495118,"y":3.146324634552002,"z":-0.9730032086372376},"rotation":{"x":-0.08671790361404419,"y":-0.7162690162658691,"z":0.09516318142414093,"w":-0.6866694092750549},"size":0.5211570858955383,"orthographic":false}