{"cameraMode":{"drawMode":0,"name":"Shaded","section":"Shading Mode"},"sceneLighting":true,"audioPlay":false,"sceneViewState":{"m_AlwaysRefresh":false,"showFog":true,"showSkybox":true,"showFlares":true,"showImageEffects":true,"showParticleSystems":true,"showVisualEffectGraphs":true,"m_FxEnabled":false},"in2DMode":false,"pivot":{"x":22.125301361083986,"y":12.967354774475098,"z":-5.254293441772461},"rotation":{"x":0.06259068101644516,"y":-0.8269333243370056,"z":0.08186998218297959,"w":0.5553122162818909},"size":0.6824770569801331,"orthographic":false}