{"cameraMode":{"drawMode":0,"name":"Shaded","section":"Shading Mode"},"sceneLighting":true,"audioPlay":false,"sceneViewState":{"m_AlwaysRefresh":false,"showFog":true,"showSkybox":true,"showFlares":true,"showImageEffects":true,"showParticleSystems":true,"showVisualEffectGraphs":true,"m_FxEnabled":true},"in2DMode":false,"pivot":{"x":-4.09371280670166,"y":1.969639539718628,"z":13.042923927307129},"rotation":{"x":0.00950573943555355,"y":0.9830031394958496,"z":-0.17583173513412476,"w":0.05311473831534386},"size":0.8660253882408142,"orthographic":false}