{"cameraMode":{"drawMode":0,"name":"Shaded","section":"Shading Mode"},"sceneLighting":true,"audioPlay":false,"sceneViewState":{"m_AlwaysRefresh":false,"showFog":true,"showSkybox":true,"showFlares":true,"showImageEffects":true,"showParticleSystems":true,"showVisualEffectGraphs":true,"m_FxEnabled":false},"in2DMode":false,"pivot":{"x":-17.809017181396486,"y":-5.673166751861572,"z":32.59272384643555},"rotation":{"x":0.1233115866780281,"y":-0.16679944097995759,"z":0.031743064522743228,"w":0.9804608225822449},"size":21.413429260253908,"orthographic":false}