{"cameraMode":{"drawMode":0,"name":"Shaded","section":"Shading Mode"},"sceneLighting":true,"audioPlay":false,"sceneViewState":{"m_AlwaysRefresh":false,"showFog":true,"showSkybox":true,"showFlares":true,"showImageEffects":true,"showParticleSystems":true,"showVisualEffectGraphs":true,"m_FxEnabled":false},"in2DMode":false,"pivot":{"x":16.42670440673828,"y":7.532504081726074,"z":4.4345173835754398},"rotation":{"x":0.10328713059425354,"y":-0.6676501631736755,"z":0.08602283895015717,"w":0.7364352941513062},"size":1.2448042631149293,"orthographic":false}