{"cameraMode":{"drawMode":0,"name":"Shaded","section":"Shading Mode"},"sceneLighting":true,"audioPlay":false,"sceneViewState":{"m_AlwaysRefresh":false,"showFog":true,"showSkybox":true,"showFlares":true,"showImageEffects":true,"showParticleSystems":true,"showVisualEffectGraphs":true,"m_FxEnabled":true},"in2DMode":false,"pivot":{"x":-14.19387435913086,"y":2.4380040168762209,"z":1.9750250577926636},"rotation":{"x":-0.04489820823073387,"y":-0.38941946625709536,"z":-0.02090468816459179,"w":0.9200167059898377},"size":0.8660253882408142,"orthographic":false}