{"cameraMode":{"drawMode":0,"name":"Shaded","section":"Shading Mode"},"sceneLighting":true,"audioPlay":false,"sceneViewState":{"m_AlwaysRefresh":false,"showFog":true,"showSkybox":true,"showFlares":true,"showImageEffects":true,"showParticleSystems":true,"showVisualEffectGraphs":true,"m_FxEnabled":true},"in2DMode":false,"pivot":{"x":-36.028778076171878,"y":0.551898181438446,"z":-48.46921157836914},"rotation":{"x":0.00010754230606835335,"y":-0.9993065595626831,"z":-0.001496929326094687,"w":-0.044149577617645267},"size":3.9778943061828615,"orthographic":false}