{"cameraMode":{"drawMode":0,"name":"Shaded","section":"Shading Mode"},"sceneLighting":true,"audioPlay":false,"sceneViewState":{"m_AlwaysRefresh":false,"showFog":true,"showSkybox":true,"showFlares":true,"showImageEffects":true,"showParticleSystems":true,"showVisualEffectGraphs":true,"m_FxEnabled":true},"in2DMode":false,"pivot":{"x":0.5352754592895508,"y":2.5088582038879396,"z":-3.287299156188965},"rotation":{"x":0.032202158123254779,"y":-0.8710523247718811,"z":0.061032846570014957,"w":0.4876101613044739},"size":0.4313751459121704,"orthographic":false}