{"cameraMode":{"drawMode":0,"name":"Shaded","section":"Shading Mode"},"sceneLighting":true,"audioPlay":false,"sceneViewState":{"m_AlwaysRefresh":false,"showFog":true,"showSkybox":true,"showFlares":true,"showImageEffects":true,"showParticleSystems":true,"showVisualEffectGraphs":true,"m_FxEnabled":true},"in2DMode":false,"pivot":{"x":-12.264484405517579,"y":-0.9563860893249512,"z":11.156329154968262},"rotation":{"x":0.1219419464468956,"y":-0.18917274475097657,"z":0.023598231375217439,"w":0.9742715358734131},"size":9.025995254516602,"orthographic":false}