{"cameraMode":{"drawMode":0,"name":"Shaded","section":"Shading Mode"},"sceneLighting":true,"audioPlay":false,"sceneViewState":{"m_AlwaysRefresh":false,"showFog":true,"showSkybox":true,"showFlares":true,"showImageEffects":true,"showParticleSystems":true,"showVisualEffectGraphs":true,"m_FxEnabled":true},"in2DMode":false,"pivot":{"x":-19.490676879882814,"y":2.6437463760375978,"z":25.58223533630371},"rotation":{"x":0.007851159200072289,"y":0.9892256259918213,"z":-0.07761208713054657,"w":0.12983772158622743},"size":12.75899600982666,"orthographic":false}