{"cameraMode":{"drawMode":0,"name":"Shaded","section":"Shading Mode"},"sceneLighting":true,"audioPlay":false,"sceneViewState":{"m_AlwaysRefresh":false,"showFog":true,"showSkybox":true,"showFlares":true,"showImageEffects":true,"showParticleSystems":true,"showVisualEffectGraphs":true,"m_FxEnabled":true},"in2DMode":false,"pivot":{"x":-16.516584396362306,"y":3.0781474113464357,"z":1.5959001779556275},"rotation":{"x":0.1288279891014099,"y":-0.3196728825569153,"z":0.043842513114213946,"w":0.9377628564834595},"size":0.6414615511894226,"orthographic":false}