{"cameraMode":{"drawMode":0,"name":"Shaded","section":"Shading Mode"},"sceneLighting":true,"audioPlay":false,"sceneViewState":{"m_AlwaysRefresh":false,"showFog":true,"showSkybox":true,"showFlares":true,"showImageEffects":true,"showParticleSystems":true,"showVisualEffectGraphs":true,"m_FxEnabled":true},"in2DMode":false,"pivot":{"x":-4.705203056335449,"y":3.224923849105835,"z":0.31569260358810427},"rotation":{"x":0.0018089438090100885,"y":-0.9967056512832642,"z":0.04200081527233124,"w":0.07846692204475403},"size":0.988278865814209,"orthographic":false}