{"cameraMode":{"drawMode":0,"name":"Shaded","section":"Shading Mode"},"sceneLighting":true,"audioPlay":false,"sceneViewState":{"m_AlwaysRefresh":false,"showFog":true,"showSkybox":true,"showFlares":true,"showImageEffects":true,"showParticleSystems":true,"showVisualEffectGraphs":true,"m_FxEnabled":true},"in2DMode":false,"pivot":{"x":-0.8912286758422852,"y":-0.6079044342041016,"z":9.301643371582032},"rotation":{"x":-0.11084431409835816,"y":-0.3630625605583191,"z":0.03995556756854057,"w":-0.9257333874702454},"size":12.098608016967774,"orthographic":false}