{"cameraMode":{"drawMode":0,"name":"Shaded","section":"Shading Mode"},"sceneLighting":true,"audioPlay":false,"sceneViewState":{"m_AlwaysRefresh":false,"showFog":true,"showSkybox":true,"showFlares":true,"showImageEffects":true,"showParticleSystems":true,"showVisualEffectGraphs":true,"m_FxEnabled":false},"in2DMode":false,"pivot":{"x":-24.295669555664064,"y":3.0451669692993166,"z":19.715057373046876},"rotation":{"x":-0.03164799511432648,"y":-0.45437124371528628,"z":0.0026726028881967069,"w":-0.8924315571784973},"size":0.12303587794303894,"orthographic":false}