{"cameraMode":{"drawMode":0,"name":"Shaded","section":"Shading Mode"},"sceneLighting":true,"audioPlay":false,"sceneViewState":{"m_AlwaysRefresh":false,"showFog":true,"showSkybox":true,"showFlares":true,"showImageEffects":true,"showParticleSystems":true,"showVisualEffectGraphs":true,"m_FxEnabled":true},"in2DMode":false,"pivot":{"x":-6.0137481689453129,"y":2.3340389728546144,"z":0.8498062491416931},"rotation":{"x":0.016646355390548707,"y":-0.9531436562538147,"z":0.07020872831344605,"w":0.29628726840019228},"size":0.31857988238334658,"orthographic":false}