{"cameraMode":{"drawMode":0,"name":"Shaded","section":"Shading Mode"},"sceneLighting":true,"audioPlay":false,"sceneViewState":{"m_AlwaysRefresh":false,"showFog":true,"showSkybox":true,"showFlares":true,"showImageEffects":true,"showParticleSystems":true,"showVisualEffectGraphs":true,"m_FxEnabled":true},"in2DMode":false,"pivot":{"x":-5.887245178222656,"y":4.9133477210998539,"z":-1.5483708381652833},"rotation":{"x":-0.11894148588180542,"y":0.5542656779289246,"z":-0.07674131542444229,"w":-0.8210203051567078},"size":1.7385722398757935,"orthographic":false}