{"cameraMode":{"drawMode":0,"name":"Shaded","section":"Shading Mode"},"sceneLighting":true,"audioPlay":false,"sceneViewState":{"m_AlwaysRefresh":false,"showFog":true,"showSkybox":true,"showFlares":true,"showImageEffects":true,"showParticleSystems":true,"showVisualEffectGraphs":true,"m_FxEnabled":true},"in2DMode":false,"pivot":{"x":-10.835823059082032,"y":3.0806055068969728,"z":-2.8802099227905275},"rotation":{"x":-0.12533791363239289,"y":0.014515478163957596,"z":0.01041349396109581,"w":-0.9929527640342712},"size":2.5963382720947267,"orthographic":false}