{"cameraMode":{"drawMode":0,"name":"Shaded","section":"Shading Mode"},"sceneLighting":true,"audioPlay":false,"sceneViewState":{"m_AlwaysRefresh":false,"showFog":true,"showSkybox":true,"showFlares":true,"showImageEffects":true,"showParticleSystems":true,"showVisualEffectGraphs":true,"m_FxEnabled":true},"in2DMode":false,"pivot":{"x":-18.24078941345215,"y":4.038064002990723,"z":13.362442016601563},"rotation":{"x":0.034514084458351138,"y":0.9536200761795044,"z":-0.1202130913734436,"w":0.27381688356399538},"size":0.40537774562835696,"orthographic":false}