{"cameraMode":{"drawMode":0,"name":"Shaded","section":"Shading Mode"},"sceneLighting":true,"audioPlay":false,"sceneViewState":{"m_AlwaysRefresh":false,"showFog":true,"showSkybox":true,"showFlares":true,"showImageEffects":true,"showParticleSystems":true,"showVisualEffectGraphs":true,"m_FxEnabled":true},"in2DMode":false,"pivot":{"x":-29.444026947021486,"y":2.7839181423187258,"z":-12.062576293945313},"rotation":{"x":0.024731971323490144,"y":-0.8993873596191406,"z":-0.051320746541023257,"w":-0.433456689119339},"size":0.8162312507629395,"orthographic":false}