{"cameraMode":{"drawMode":0,"name":"Shaded","section":"Shading Mode"},"sceneLighting":true,"audioPlay":false,"sceneViewState":{"m_AlwaysRefresh":false,"showFog":true,"showSkybox":true,"showFlares":true,"showImageEffects":true,"showParticleSystems":true,"showVisualEffectGraphs":true,"m_FxEnabled":true},"in2DMode":false,"pivot":{"x":-14.346549987792969,"y":0.5483901500701904,"z":3.607071876525879},"rotation":{"x":-0.020606903359293939,"y":-0.9683243632316589,"z":0.0844283327460289,"w":-0.23488076031208039},"size":5.112307071685791,"orthographic":false}