{"cameraMode":{"drawMode":0,"name":"Shaded","section":"Shading Mode"},"sceneLighting":true,"audioPlay":false,"sceneViewState":{"m_AlwaysRefresh":false,"showFog":true,"showSkybox":true,"showFlares":true,"showImageEffects":true,"showParticleSystems":true,"showVisualEffectGraphs":true,"m_FxEnabled":false},"in2DMode":false,"pivot":{"x":-13.623828887939454,"y":2.9933741092681886,"z":-3.1616625785827638},"rotation":{"x":0.04471276327967644,"y":0.38229814171791079,"z":-0.03163199499249458,"w":0.9261539578437805},"size":2.878016233444214,"orthographic":false}