{"cameraMode":{"drawMode":0,"name":"Shaded","section":"Shading Mode"},"sceneLighting":true,"audioPlay":false,"sceneViewState":{"m_AlwaysRefresh":false,"showFog":true,"showSkybox":true,"showFlares":true,"showImageEffects":true,"showParticleSystems":true,"showVisualEffectGraphs":true,"m_FxEnabled":false},"in2DMode":false,"pivot":{"x":-6.637885093688965,"y":0.70206618309021,"z":34.492122650146487},"rotation":{"x":0.02526664361357689,"y":0.05538038909435272,"z":0.004622905980795622,"w":1.0007511377334595},"size":21.413429260253908,"orthographic":false}