{"cameraMode":{"drawMode":0,"name":"Shaded","section":"Shading Mode"},"sceneLighting":true,"audioPlay":false,"sceneViewState":{"m_AlwaysRefresh":false,"showFog":true,"showSkybox":true,"showFlares":true,"showImageEffects":true,"showParticleSystems":true,"showVisualEffectGraphs":true,"m_FxEnabled":false},"in2DMode":false,"pivot":{"x":-14.837343215942383,"y":3.4912118911743166,"z":-5.537603855133057},"rotation":{"x":-0.12966910004615785,"y":-0.22683200240135194,"z":0.028210720047354699,"w":-0.9662290215492249},"size":1.2987712621688843,"orthographic":false}