{"cameraMode":{"drawMode":0,"name":"Shaded","section":"Shading Mode"},"sceneLighting":true,"audioPlay":false,"sceneViewState":{"m_AlwaysRefresh":false,"showFog":true,"showSkybox":true,"showFlares":true,"showImageEffects":true,"showParticleSystems":true,"showVisualEffectGraphs":true,"m_FxEnabled":false},"in2DMode":false,"pivot":{"x":-14.87048625946045,"y":2.4358010292053224,"z":-2.049917459487915},"rotation":{"x":0.07418216019868851,"y":0.3379004895687103,"z":-0.022568637505173684,"w":0.9397368431091309},"size":1.9541125297546387,"orthographic":false}