{"cameraMode":{"drawMode":0,"name":"Shaded","section":"Shading Mode"},"sceneLighting":true,"audioPlay":false,"sceneViewState":{"m_AlwaysRefresh":false,"showFog":true,"showSkybox":true,"showFlares":true,"showImageEffects":true,"showParticleSystems":true,"showVisualEffectGraphs":true,"m_FxEnabled":false},"in2DMode":false,"pivot":{"x":-17.09198570251465,"y":1.518458366394043,"z":9.371683120727539},"rotation":{"x":0.0072264401242136959,"y":0.28351259231567385,"z":-0.0009866051841527224,"w":-0.9609188437461853},"size":0.8660253882408142,"orthographic":false}