{"cameraMode":{"drawMode":0,"name":"Shaded","section":"Shading Mode"},"sceneLighting":true,"audioPlay":false,"sceneViewState":{"m_AlwaysRefresh":false,"showFog":true,"showSkybox":true,"showFlares":true,"showImageEffects":true,"showParticleSystems":true,"showVisualEffectGraphs":true,"m_FxEnabled":false},"in2DMode":false,"pivot":{"x":-15.650542259216309,"y":3.8818914890289308,"z":4.642392635345459},"rotation":{"x":-0.08695929497480393,"y":-0.9047383069992065,"z":0.17971567809581757,"w":-0.38148748874664309},"size":0.8660253882408142,"orthographic":false}