{"cameraMode":{"drawMode":0,"name":"Shaded","section":"Shading Mode"},"sceneLighting":true,"audioPlay":false,"sceneViewState":{"m_AlwaysRefresh":false,"showFog":true,"showSkybox":true,"showFlares":true,"showImageEffects":true,"showParticleSystems":true,"showVisualEffectGraphs":true,"m_FxEnabled":false},"in2DMode":false,"pivot":{"x":1.5059585571289063,"y":2.583705425262451,"z":8.572284698486329},"rotation":{"x":0.28557252883911135,"y":0.2898475229740143,"z":-0.09679409116506577,"w":0.9117358922958374},"size":1.2448042631149293,"orthographic":false}