{"cameraMode":{"drawMode":0,"name":"Shaded","section":"Shading Mode"},"sceneLighting":true,"audioPlay":false,"sceneViewState":{"m_AlwaysRefresh":false,"showFog":true,"showSkybox":true,"showFlares":true,"showImageEffects":true,"showParticleSystems":true,"showVisualEffectGraphs":true,"m_FxEnabled":true},"in2DMode":false,"pivot":{"x":-16.505279541015626,"y":1.7264790534973145,"z":36.13395690917969},"rotation":{"x":-0.022164439782500268,"y":-0.14118224382400514,"z":-0.00179484230466187,"w":0.9901289939880371},"size":0.8660253882408142,"orthographic":false}