{"cameraMode":{"drawMode":0,"name":"Shaded","section":"Shading Mode"},"sceneLighting":true,"audioPlay":false,"sceneViewState":{"m_AlwaysRefresh":false,"showFog":true,"showSkybox":true,"showFlares":true,"showImageEffects":true,"showParticleSystems":true,"showVisualEffectGraphs":true,"m_FxEnabled":true},"in2DMode":false,"pivot":{"x":-6.785559177398682,"y":2.4613733291625978,"z":2.895193576812744},"rotation":{"x":-0.016192970797419549,"y":-0.9812648892402649,"z":0.09603223204612732,"w":-0.16889481246471406},"size":0.8660253882408142,"orthographic":false}