{"cameraMode":{"drawMode":0,"name":"Shaded","section":"Shading Mode"},"sceneLighting":true,"audioPlay":false,"sceneViewState":{"m_AlwaysRefresh":false,"showFog":true,"showSkybox":true,"showFlares":true,"showImageEffects":true,"showParticleSystems":true,"showVisualEffectGraphs":true,"m_FxEnabled":false},"in2DMode":false,"pivot":{"x":-15.214567184448243,"y":2.394474744796753,"z":5.321562767028809},"rotation":{"x":0.023099442943930627,"y":0.9626783728599548,"z":-0.041180580854415897,"w":0.2737234830856323},"size":0.5841477513313294,"orthographic":false}