{"cameraMode":{"drawMode":0,"name":"Shaded","section":"Shading Mode"},"sceneLighting":true,"audioPlay":false,"sceneViewState":{"m_AlwaysRefresh":false,"showFog":true,"showSkybox":true,"showFlares":true,"showImageEffects":true,"showParticleSystems":true,"showVisualEffectGraphs":true,"m_FxEnabled":true},"in2DMode":false,"pivot":{"x":-18.00614356994629,"y":1.1108269691467286,"z":31.568180084228517},"rotation":{"x":-0.07847782224416733,"y":0.056621626019477847,"z":0.003578198840841651,"w":0.9957447052001953},"size":0.6583654880523682,"orthographic":false}