{"cameraMode":{"drawMode":0,"name":"Shaded","section":"Shading Mode"},"sceneLighting":true,"audioPlay":false,"sceneViewState":{"m_AlwaysRefresh":false,"showFog":true,"showSkybox":true,"showFlares":true,"showImageEffects":true,"showParticleSystems":true,"showVisualEffectGraphs":true,"m_FxEnabled":true},"in2DMode":false,"pivot":{"x":-9.18090534210205,"y":1.6880332231521607,"z":-3.527041435241699},"rotation":{"x":0.17305155098438264,"y":-0.06556247919797898,"z":0.011617138981819153,"w":0.9827297329902649},"size":0.22085531055927277,"orthographic":false}