{"cameraMode":{"drawMode":0,"name":"Shaded","section":"Shading Mode"},"sceneLighting":true,"audioPlay":false,"sceneViewState":{"m_AlwaysRefresh":false,"showFog":true,"showSkybox":true,"showFlares":true,"showImageEffects":true,"showParticleSystems":true,"showVisualEffectGraphs":true,"m_FxEnabled":false},"in2DMode":false,"pivot":{"x":-7.58593225479126,"y":3.4326517581939699,"z":-10.41706371307373},"rotation":{"x":0.0026886523701250555,"y":-0.9788695573806763,"z":0.010732821188867092,"w":-0.21145915985107423},"size":11.342528343200684,"orthographic":false}