{"cameraMode":{"drawMode":0,"name":"Shaded","section":"Shading Mode"},"sceneLighting":true,"audioPlay":false,"sceneViewState":{"m_AlwaysRefresh":false,"showFog":true,"showSkybox":true,"showFlares":true,"showImageEffects":true,"showParticleSystems":true,"showVisualEffectGraphs":true,"m_FxEnabled":true},"in2DMode":false,"pivot":{"x":-5.6323347091674809,"y":3.321086883544922,"z":3.064289093017578},"rotation":{"x":0.17442429065704347,"y":-0.28093233704566958,"z":0.052123889327049258,"w":0.9426844120025635},"size":2.111680746078491,"orthographic":false}