{"cameraMode":{"drawMode":0,"name":"Shaded","section":"Shading Mode"},"sceneLighting":true,"audioPlay":false,"sceneViewState":{"m_AlwaysRefresh":false,"showFog":true,"showSkybox":true,"showFlares":true,"showImageEffects":true,"showParticleSystems":true,"showVisualEffectGraphs":true,"m_FxEnabled":true},"in2DMode":false,"pivot":{"x":-29.516794204711915,"y":0.12670499086380006,"z":-23.38698959350586},"rotation":{"x":-0.007434237282723188,"y":-0.9270849823951721,"z":0.018365170806646348,"w":-0.37494078278541567},"size":1.1277904510498047,"orthographic":false}