{"cameraMode":{"drawMode":0,"name":"Shaded","section":"Shading Mode"},"sceneLighting":true,"audioPlay":false,"sceneViewState":{"m_AlwaysRefresh":false,"showFog":true,"showSkybox":true,"showFlares":true,"showImageEffects":true,"showParticleSystems":true,"showVisualEffectGraphs":true,"m_FxEnabled":false},"in2DMode":false,"pivot":{"x":-19.007793426513673,"y":14.99099063873291,"z":1.3769197463989258},"rotation":{"x":0.0040281666442751888,"y":0.9916368722915649,"z":0.13533316552639008,"w":-0.037488244473934177},"size":27.931678771972658,"orthographic":false}