{"cameraMode":{"drawMode":0,"name":"Shaded","section":"Shading Mode"},"sceneLighting":true,"audioPlay":false,"sceneViewState":{"m_AlwaysRefresh":false,"showFog":true,"showSkybox":true,"showFlares":true,"showImageEffects":true,"showParticleSystems":true,"showVisualEffectGraphs":true,"m_FxEnabled":false},"in2DMode":false,"pivot":{"x":-26.479904174804689,"y":1.4441401958465577,"z":11.991616249084473},"rotation":{"x":-0.026155438274145128,"y":0.8867191672325134,"z":-0.0585935115814209,"w":-0.46394795179367068},"size":3.4667835235595705,"orthographic":false}