{"cameraMode":{"drawMode":0,"name":"Shaded","section":"Shading Mode"},"sceneLighting":true,"audioPlay":false,"sceneViewState":{"m_AlwaysRefresh":false,"showFog":true,"showSkybox":true,"showFlares":true,"showImageEffects":true,"showParticleSystems":true,"showVisualEffectGraphs":true,"m_FxEnabled":false},"in2DMode":false,"pivot":{"x":-17.178462982177736,"y":4.503127574920654,"z":38.321868896484378},"rotation":{"x":0.009346873499453068,"y":-0.9897933006286621,"z":-0.00985887460410595,"w":-0.16362294554710389},"size":6.901190757751465,"orthographic":false}