{"cameraMode":{"drawMode":0,"name":"Shaded","section":"Shading Mode"},"sceneLighting":true,"audioPlay":false,"sceneViewState":{"m_AlwaysRefresh":false,"showFog":true,"showSkybox":true,"showFlares":true,"showImageEffects":true,"showParticleSystems":true,"showVisualEffectGraphs":true,"m_FxEnabled":true},"in2DMode":false,"pivot":{"x":-28.631921768188478,"y":0.2654110789299011,"z":29.40319061279297},"rotation":{"x":0.0022554975003004076,"y":-0.9719713926315308,"z":0.0020932527258992197,"w":-0.23862670361995698},"size":6.864002704620361,"orthographic":false}