{"cameraMode":{"drawMode":0,"name":"Shaded","section":"Shading Mode"},"sceneLighting":true,"audioPlay":false,"sceneViewState":{"m_AlwaysRefresh":false,"showFog":true,"showSkybox":true,"showFlares":true,"showImageEffects":true,"showParticleSystems":true,"showVisualEffectGraphs":true,"m_FxEnabled":true},"in2DMode":false,"pivot":{"x":-3.9351043701171877,"y":4.6875152587890629,"z":167.20152282714845},"rotation":{"x":0.1368642896413803,"y":-0.3008604943752289,"z":0.04175249859690666,"w":0.9441434741020203},"size":143.4839324951172,"orthographic":false}