{"cameraMode":{"drawMode":0,"name":"Shaded","section":"Shading Mode"},"sceneLighting":true,"audioPlay":false,"sceneViewState":{"m_AlwaysRefresh":false,"showFog":true,"showSkybox":true,"showFlares":true,"showImageEffects":true,"showParticleSystems":true,"showVisualEffectGraphs":true,"m_FxEnabled":false},"in2DMode":false,"pivot":{"x":-23.560346603393556,"y":0.6897426843643189,"z":45.56715393066406},"rotation":{"x":0.027658214792609216,"y":-0.9859541058540344,"z":-0.09977215528488159,"w":-0.1542976200580597},"size":1.2448042631149293,"orthographic":false}