{"cameraMode":{"drawMode":0,"name":"Shaded","section":"Shading Mode"},"sceneLighting":true,"audioPlay":false,"sceneViewState":{"m_AlwaysRefresh":false,"showFog":true,"showSkybox":true,"showFlares":true,"showImageEffects":true,"showParticleSystems":true,"showVisualEffectGraphs":true,"m_FxEnabled":true},"in2DMode":false,"pivot":{"x":-12.033832550048829,"y":4.240405559539795,"z":-5.877967357635498},"rotation":{"x":-0.08396878838539124,"y":-0.008839891292154789,"z":0.004292056895792484,"w":-0.9977660775184631},"size":0.8469138145446777,"orthographic":false}