{"cameraMode":{"drawMode":0,"name":"Shaded","section":"Shading Mode"},"sceneLighting":true,"audioPlay":false,"sceneViewState":{"m_AlwaysRefresh":false,"showFog":true,"showSkybox":true,"showFlares":true,"showImageEffects":true,"showParticleSystems":true,"showVisualEffectGraphs":true,"m_FxEnabled":false},"in2DMode":false,"pivot":{"x":-4.297057628631592,"y":2.8564605712890627,"z":-5.772711277008057},"rotation":{"x":0.07566475868225098,"y":-0.40384531021118166,"z":0.03516910970211029,"w":0.9130976796150208},"size":0.8660253882408142,"orthographic":false}