{"cameraMode":{"drawMode":0,"name":"Shaded","section":"Shading Mode"},"sceneLighting":true,"audioPlay":false,"sceneViewState":{"m_AlwaysRefresh":false,"showFog":true,"showSkybox":true,"showFlares":true,"showImageEffects":true,"showParticleSystems":true,"showVisualEffectGraphs":true,"m_FxEnabled":true},"in2DMode":false,"pivot":{"x":-5.358883380889893,"y":2.8373613357543947,"z":-7.277515411376953},"rotation":{"x":0.05435441434383392,"y":-0.14661282300949098,"z":0.007595444098114967,"w":0.9878634214401245},"size":0.21088027954101563,"orthographic":false}