{"cameraMode":{"drawMode":0,"name":"Shaded","section":"Shading Mode"},"sceneLighting":true,"audioPlay":false,"sceneViewState":{"m_AlwaysRefresh":false,"showFog":true,"showSkybox":true,"showFlares":true,"showImageEffects":true,"showParticleSystems":true,"showVisualEffectGraphs":true,"m_FxEnabled":false},"in2DMode":false,"pivot":{"x":-20.313711166381837,"y":6.879671096801758,"z":39.40283966064453},"rotation":{"x":-0.02254573069512844,"y":-0.9599552750587463,"z":0.031819406896829608,"w":-0.28452935814857485},"size":0.8660253882408142,"orthographic":false}