{"cameraMode":{"drawMode":0,"name":"Shaded","section":"Shading Mode"},"sceneLighting":true,"audioPlay":false,"sceneViewState":{"m_AlwaysRefresh":false,"showFog":true,"showSkybox":true,"showFlares":true,"showImageEffects":true,"showParticleSystems":true,"showVisualEffectGraphs":true,"m_FxEnabled":true},"in2DMode":false,"pivot":{"x":-13.624119758605957,"y":4.1933674812316898,"z":-1.0239982604980469},"rotation":{"x":-0.15629281103610993,"y":-0.4595067501068115,"z":-0.08436565846204758,"w":0.8705318570137024},"size":0.8660253882408142,"orthographic":false}