{"cameraMode":{"drawMode":0,"name":"Shaded","section":"Shading Mode"},"sceneLighting":true,"audioPlay":false,"sceneViewState":{"m_AlwaysRefresh":false,"showFog":true,"showSkybox":true,"showFlares":true,"showImageEffects":true,"showParticleSystems":true,"showVisualEffectGraphs":true,"m_FxEnabled":false},"in2DMode":false,"pivot":{"x":-17.695356369018556,"y":6.564721584320068,"z":29.028390884399415},"rotation":{"x":0.009634816087782383,"y":-0.979288637638092,"z":-0.00011060170800192282,"w":-0.21317064762115479},"size":3.6373069286346437,"orthographic":false}