{"cameraMode":{"drawMode":0,"name":"Shaded","section":"Shading Mode"},"sceneLighting":true,"audioPlay":false,"sceneViewState":{"m_AlwaysRefresh":false,"showFog":true,"showSkybox":true,"showFlares":true,"showImageEffects":true,"showParticleSystems":true,"showVisualEffectGraphs":true,"m_FxEnabled":false},"in2DMode":false,"pivot":{"x":-7.4868550300598148,"y":3.1788759231567385,"z":4.185731887817383},"rotation":{"x":0.11913742125034332,"y":-0.08393549919128418,"z":0.007533329539000988,"w":0.9922351241111755},"size":1.9958781003952027,"orthographic":false}