{"cameraMode":{"drawMode":0,"name":"Shaded","section":"Shading Mode"},"sceneLighting":true,"audioPlay":false,"sceneViewState":{"m_AlwaysRefresh":false,"showFog":true,"showSkybox":true,"showFlares":true,"showImageEffects":true,"showParticleSystems":true,"showVisualEffectGraphs":true,"m_FxEnabled":true},"in2DMode":false,"pivot":{"x":-2.9784467220306398,"y":2.5714499950408937,"z":-5.194069862365723},"rotation":{"x":0.03694296255707741,"y":-0.39593741297721865,"z":0.016617419198155404,"w":0.9178030490875244},"size":0.6907976865768433,"orthographic":false}