{"cameraMode":{"drawMode":0,"name":"Shaded","section":"Shading Mode"},"sceneLighting":true,"audioPlay":false,"sceneViewState":{"m_AlwaysRefresh":false,"showFog":true,"showSkybox":true,"showFlares":true,"showImageEffects":true,"showParticleSystems":true,"showVisualEffectGraphs":true,"m_FxEnabled":true},"in2DMode":false,"pivot":{"x":-36.145347595214847,"y":1.6977781057357789,"z":54.47996520996094},"rotation":{"x":-0.00340984296053648,"y":-0.9804742932319641,"z":0.0023420846555382015,"w":-0.20393924415111543},"size":1.7931019067764283,"orthographic":false}