{"cameraMode":{"drawMode":0,"name":"Shaded","section":"Shading Mode"},"sceneLighting":true,"audioPlay":false,"sceneViewState":{"m_AlwaysRefresh":false,"showFog":true,"showSkybox":true,"showFlares":true,"showImageEffects":true,"showParticleSystems":true,"showVisualEffectGraphs":true,"m_FxEnabled":true},"in2DMode":false,"pivot":{"x":-15.832550048828125,"y":3.1303176879882814,"z":-5.96071720123291},"rotation":{"x":0.13314899802207948,"y":0.43123698234558108,"z":-0.06451538950204849,"w":0.8900354504585266},"size":1.5752732753753663,"orthographic":false}