{"cameraMode":{"drawMode":0,"name":"Shaded","section":"Shading Mode"},"sceneLighting":true,"audioPlay":false,"sceneViewState":{"m_AlwaysRefresh":false,"showFog":true,"showSkybox":true,"showFlares":true,"showImageEffects":true,"showParticleSystems":true,"showVisualEffectGraphs":true,"m_FxEnabled":true},"in2DMode":false,"pivot":{"x":-15.700098037719727,"y":3.411539077758789,"z":6.3319878578186039},"rotation":{"x":-0.010829783976078034,"y":-0.9845216274261475,"z":0.1610826998949051,"w":-0.08046995848417282},"size":0.8660253882408142,"orthographic":false}