{"cameraMode":{"drawMode":0,"name":"Shaded","section":"Shading Mode"},"sceneLighting":true,"audioPlay":false,"sceneViewState":{"m_AlwaysRefresh":false,"showFog":true,"showSkybox":true,"showFlares":true,"showImageEffects":true,"showParticleSystems":true,"showVisualEffectGraphs":true,"m_FxEnabled":true},"in2DMode":false,"pivot":{"x":0.2659112811088562,"y":1.0352109670639039,"z":8.144438743591309},"rotation":{"x":0.12556013464927674,"y":0.2017769068479538,"z":-0.028577331453561784,"w":0.9718520045280457},"size":4.23567008972168,"orthographic":false}