{"cameraMode":{"drawMode":0,"name":"Shaded","section":"Shading Mode"},"sceneLighting":true,"audioPlay":false,"sceneViewState":{"m_AlwaysRefresh":false,"showFog":true,"showSkybox":true,"showFlares":true,"showImageEffects":true,"showParticleSystems":true,"showVisualEffectGraphs":true,"m_FxEnabled":true},"in2DMode":false,"pivot":{"x":77.13343048095703,"y":12.258492469787598,"z":68.85700988769531},"rotation":{"x":0.05843912065029144,"y":0.36093181371688845,"z":-0.01953599974513054,"w":0.9322476387023926},"size":46.540470123291019,"orthographic":false}