{"cameraMode":{"drawMode":0,"name":"Shaded","section":"Shading Mode"},"sceneLighting":true,"audioPlay":false,"sceneViewState":{"m_AlwaysRefresh":false,"showFog":true,"showSkybox":true,"showFlares":true,"showImageEffects":true,"showParticleSystems":true,"showVisualEffectGraphs":true,"m_FxEnabled":true},"in2DMode":false,"pivot":{"x":-7.410856246948242,"y":2.8798279762268068,"z":1.2168654203414918},"rotation":{"x":0.08479975163936615,"y":0.0113409124314785,"z":-0.0011409943690523506,"w":0.9964774250984192},"size":3.148834228515625,"orthographic":false}