{"cameraMode":{"drawMode":0,"name":"Shaded","section":"Shading Mode"},"sceneLighting":true,"audioPlay":false,"sceneViewState":{"m_AlwaysRefresh":false,"showFog":true,"showSkybox":true,"showFlares":true,"showImageEffects":true,"showParticleSystems":true,"showVisualEffectGraphs":true,"m_FxEnabled":true},"in2DMode":false,"pivot":{"x":-17.92873191833496,"y":2.2937800884246828,"z":-23.970500946044923},"rotation":{"x":0.014867615886032582,"y":-0.9418078660964966,"z":-0.042143870145082477,"w":-0.3340581953525543},"size":0.42240193486213686,"orthographic":false}