{"cameraMode":{"drawMode":0,"name":"Shaded","section":"Shading Mode"},"sceneLighting":true,"audioPlay":false,"sceneViewState":{"m_AlwaysRefresh":false,"showFog":true,"showSkybox":true,"showFlares":true,"showImageEffects":true,"showParticleSystems":true,"showVisualEffectGraphs":true,"m_FxEnabled":false},"in2DMode":false,"pivot":{"x":-14.4552583694458,"y":2.6219546794891359,"z":7.547835350036621},"rotation":{"x":0.0042357537895441059,"y":0.9845351576805115,"z":-0.050507690757513049,"w":0.1763245016336441},"size":0.6647168397903442,"orthographic":false}