{"cameraMode":{"drawMode":0,"name":"Shaded","section":"Shading Mode"},"sceneLighting":true,"audioPlay":false,"sceneViewState":{"m_AlwaysRefresh":false,"showFog":true,"showSkybox":true,"showFlares":true,"showImageEffects":true,"showParticleSystems":true,"showVisualEffectGraphs":true,"m_FxEnabled":false},"in2DMode":false,"pivot":{"x":-6.685093879699707,"y":2.3902101516723635,"z":-2.7710466384887697},"rotation":{"x":0.010369662195444107,"y":-0.6940425634384155,"z":0.031632762402296069,"w":0.7220189571380615},"size":1.6119402647018433,"orthographic":false}