{"cameraMode":{"drawMode":0,"name":"Shaded","section":"Shading Mode"},"sceneLighting":true,"audioPlay":false,"sceneViewState":{"m_AlwaysRefresh":false,"showFog":true,"showSkybox":true,"showFlares":true,"showImageEffects":true,"showParticleSystems":true,"showVisualEffectGraphs":true,"m_FxEnabled":false},"in2DMode":false,"pivot":{"x":-15.830333709716797,"y":4.381831169128418,"z":-2.798097848892212},"rotation":{"x":-0.15868310630321504,"y":-0.13035273551940919,"z":0.027473969385027887,"w":-0.9797329306602478},"size":1.8346656560897828,"orthographic":false}