{"cameraMode":{"drawMode":0,"name":"Shaded","section":"Shading Mode"},"sceneLighting":true,"audioPlay":false,"sceneViewState":{"m_AlwaysRefresh":false,"showFog":true,"showSkybox":true,"showFlares":true,"showImageEffects":true,"showParticleSystems":true,"showVisualEffectGraphs":true,"m_FxEnabled":false},"in2DMode":false,"pivot":{"x":5.332040309906006,"y":2.1405458450317385,"z":7.505984783172607},"rotation":{"x":-0.020608223974704744,"y":0.27166736125946047,"z":0.003689303295686841,"w":-0.9656851291656494},"size":1.0221916437149048,"orthographic":false}