{"cameraMode":{"drawMode":0,"name":"Shaded","section":"Shading Mode"},"sceneLighting":true,"audioPlay":false,"sceneViewState":{"m_AlwaysRefresh":false,"showFog":true,"showSkybox":true,"showFlares":true,"showImageEffects":true,"showParticleSystems":true,"showVisualEffectGraphs":true,"m_FxEnabled":true},"in2DMode":false,"pivot":{"x":-10.838040351867676,"y":3.9035983085632326,"z":-6.443950176239014},"rotation":{"x":-0.15179169178009034,"y":-0.01764543540775776,"z":0.009663444943726063,"w":-0.9891086220741272},"size":0.8660253882408142,"orthographic":false}