{"cameraMode":{"drawMode":0,"name":"Shaded","section":"Shading Mode"},"sceneLighting":true,"audioPlay":false,"sceneViewState":{"m_AlwaysRefresh":false,"showFog":true,"showSkybox":true,"showFlares":true,"showImageEffects":true,"showParticleSystems":true,"showVisualEffectGraphs":true,"m_FxEnabled":true},"in2DMode":false,"pivot":{"x":-5.6295318603515629,"y":14.833133697509766,"z":55.25022506713867},"rotation":{"x":0.20020729303359986,"y":0.35338497161865237,"z":-0.07923950254917145,"w":0.9109271764755249},"size":4.734460830688477,"orthographic":false}