{"cameraMode":{"drawMode":0,"name":"Shaded","section":"Shading Mode"},"sceneLighting":true,"audioPlay":false,"sceneViewState":{"m_AlwaysRefresh":false,"showFog":true,"showSkybox":true,"showFlares":true,"showImageEffects":true,"showParticleSystems":true,"showVisualEffectGraphs":true,"m_FxEnabled":true},"in2DMode":false,"pivot":{"x":-33.15324783325195,"y":-1.4604077339172364,"z":25.710094451904298},"rotation":{"x":-0.14580264687538148,"y":0.45732003450393679,"z":-0.07629478722810745,"w":-0.8739470839500427},"size":6.785224437713623,"orthographic":false}