{"cameraMode":{"drawMode":0,"name":"Shaded","section":"Shading Mode"},"sceneLighting":true,"audioPlay":false,"sceneViewState":{"m_AlwaysRefresh":false,"showFog":true,"showSkybox":true,"showFlares":true,"showImageEffects":true,"showParticleSystems":true,"showVisualEffectGraphs":true,"m_FxEnabled":true},"in2DMode":false,"pivot":{"x":-3.930138349533081,"y":2.4772071838378908,"z":3.178236484527588},"rotation":{"x":-0.011511396616697312,"y":0.9884827733039856,"z":-0.09971913695335388,"w":-0.11779051274061203},"size":1.3005731105804444,"orthographic":false}