{"cameraMode":{"drawMode":0,"name":"Shaded","section":"Shading Mode"},"sceneLighting":true,"audioPlay":false,"sceneViewState":{"m_AlwaysRefresh":false,"showFog":true,"showSkybox":true,"showFlares":true,"showImageEffects":true,"showParticleSystems":true,"showVisualEffectGraphs":true,"m_FxEnabled":true},"in2DMode":false,"pivot":{"x":-8.098543167114258,"y":3.1741249561309816,"z":2.0240981578826906},"rotation":{"x":0.07267314195632935,"y":-0.8683435916900635,"z":0.13403655588626862,"w":0.47289279103279116},"size":0.8660253882408142,"orthographic":false}