{"cameraMode":{"drawMode":0,"name":"Shaded","section":"Shading Mode"},"sceneLighting":true,"audioPlay":false,"sceneViewState":{"m_AlwaysRefresh":false,"showFog":true,"showSkybox":true,"showFlares":true,"showImageEffects":true,"showParticleSystems":true,"showVisualEffectGraphs":true,"m_FxEnabled":true},"in2DMode":false,"pivot":{"x":-50.07475280761719,"y":-34.474021911621097,"z":95.84683227539063},"rotation":{"x":0.18008065223693849,"y":-0.18034230172634126,"z":0.032261233776807788,"w":0.9668847322463989},"size":54.41608428955078,"orthographic":false}