{"cameraMode":{"drawMode":0,"name":"Shaded","section":"Shading Mode"},"sceneLighting":true,"audioPlay":false,"sceneViewState":{"m_AlwaysRefresh":false,"showFog":true,"showSkybox":true,"showFlares":true,"showImageEffects":true,"showParticleSystems":true,"showVisualEffectGraphs":true,"m_FxEnabled":true},"in2DMode":false,"pivot":{"x":-26.003368377685548,"y":2.3523101806640627,"z":-12.35772705078125},"rotation":{"x":0.12847119569778443,"y":0.29237228631973269,"z":-0.0401974618434906,"w":0.9469577074050903},"size":0.07756070047616959,"orthographic":false}