{"cameraMode":{"drawMode":0,"name":"Shaded","section":"Shading Mode"},"sceneLighting":true,"audioPlay":false,"sceneViewState":{"m_AlwaysRefresh":false,"showFog":true,"showSkybox":true,"showFlares":true,"showImageEffects":true,"showParticleSystems":true,"showVisualEffectGraphs":true,"m_FxEnabled":true},"in2DMode":false,"pivot":{"x":0.824357271194458,"y":2.6486217975616457,"z":-4.299122333526611},"rotation":{"x":0.055802375078201297,"y":-0.8512693047523499,"z":0.09223324060440064,"w":0.5137014985084534},"size":0.8660253882408142,"orthographic":false}