{"cameraMode":{"drawMode":0,"name":"Shaded","section":"Shading Mode"},"sceneLighting":true,"audioPlay":false,"sceneViewState":{"m_AlwaysRefresh":false,"showFog":true,"showSkybox":true,"showFlares":true,"showImageEffects":true,"showParticleSystems":true,"showVisualEffectGraphs":true,"m_FxEnabled":false},"in2DMode":false,"pivot":{"x":-13.569489479064942,"y":1.8146367073059083,"z":-4.677387237548828},"rotation":{"x":0.005430710501968861,"y":0.817564845085144,"z":-0.002768732374534011,"w":0.5787986516952515},"size":0.29759442806243899,"orthographic":false}