{"cameraMode":{"drawMode":0,"name":"Shaded","section":"Shading Mode"},"sceneLighting":true,"audioPlay":false,"sceneViewState":{"m_AlwaysRefresh":false,"showFog":true,"showSkybox":true,"showFlares":true,"showImageEffects":true,"showParticleSystems":true,"showVisualEffectGraphs":true,"m_FxEnabled":true},"in2DMode":false,"pivot":{"x":-24.054584503173829,"y":13.256182670593262,"z":56.66641616821289},"rotation":{"x":0.016434162855148317,"y":0.9838204383850098,"z":-0.15024743974208833,"w":0.11078993231058121},"size":0.988278865814209,"orthographic":false}