{"cameraMode":{"drawMode":0,"name":"Shaded","section":"Shading Mode"},"sceneLighting":true,"audioPlay":false,"sceneViewState":{"m_AlwaysRefresh":false,"showFog":true,"showSkybox":true,"showFlares":true,"showImageEffects":true,"showParticleSystems":true,"showVisualEffectGraphs":true,"m_FxEnabled":false},"in2DMode":false,"pivot":{"x":-14.323688507080079,"y":4.7130913734436039,"z":-6.341357707977295},"rotation":{"x":-0.11762788146734238,"y":-0.08768279105424881,"z":0.023241307586431505,"w":-0.9899827241897583},"size":0.8660253882408142,"orthographic":false}