{"cameraMode":{"drawMode":0,"name":"Shaded","section":"Shading Mode"},"sceneLighting":true,"audioPlay":false,"sceneViewState":{"m_AlwaysRefresh":false,"showFog":true,"showSkybox":true,"showFlares":true,"showImageEffects":true,"showParticleSystems":true,"showVisualEffectGraphs":true,"m_FxEnabled":false},"in2DMode":false,"pivot":{"x":-16.629392623901368,"y":2.5055902004241945,"z":13.9120454788208},"rotation":{"x":0.007404630072414875,"y":0.9971551895141602,"z":-0.048490673303604129,"w":0.08378785848617554},"size":0.6879351139068604,"orthographic":false}