{"cameraMode":{"drawMode":0,"name":"Shaded","section":"Shading Mode"},"sceneLighting":true,"audioPlay":false,"sceneViewState":{"m_AlwaysRefresh":false,"showFog":true,"showSkybox":true,"showFlares":true,"showImageEffects":true,"showParticleSystems":true,"showVisualEffectGraphs":true,"m_FxEnabled":false},"in2DMode":false,"pivot":{"x":-3.9280190467834474,"y":2.5428810119628908,"z":12.943235397338868},"rotation":{"x":-0.054144229739904407,"y":0.8450610637664795,"z":-0.09115661680698395,"w":-0.5294280648231506},"size":3.4667835235595705,"orthographic":false}