{"cameraMode":{"drawMode":0,"name":"Shaded","section":"Shading Mode"},"sceneLighting":true,"audioPlay":false,"sceneViewState":{"m_AlwaysRefresh":false,"showFog":true,"showSkybox":true,"showFlares":true,"showImageEffects":true,"showParticleSystems":true,"showVisualEffectGraphs":true,"m_FxEnabled":true},"in2DMode":false,"pivot":{"x":-0.5373725891113281,"y":-0.013810157775878907,"z":13.944503784179688},"rotation":{"x":-0.09729816019535065,"y":0.8826053142547607,"z":-0.20985014736652375,"w":-0.4094942510128021},"size":14.265644073486329,"orthographic":false}