{"cameraMode":{"drawMode":0,"name":"Shaded","section":"Shading Mode"},"sceneLighting":true,"audioPlay":false,"sceneViewState":{"m_AlwaysRefresh":false,"showFog":true,"showSkybox":true,"showFlares":true,"showImageEffects":true,"showParticleSystems":true,"showVisualEffectGraphs":true,"m_FxEnabled":true},"in2DMode":false,"pivot":{"x":-16.393720626831056,"y":1.6654194593429566,"z":10.697123527526856},"rotation":{"x":0.00014777705655433238,"y":-0.9247837662696838,"z":0.027027951553463937,"w":-0.38198912143707278},"size":2.123920202255249,"orthographic":false}