{"cameraMode":{"drawMode":0,"name":"Shaded","section":"Shading Mode"},"sceneLighting":true,"audioPlay":false,"sceneViewState":{"m_AlwaysRefresh":false,"showFog":true,"showSkybox":true,"showFlares":true,"showImageEffects":true,"showParticleSystems":true,"showVisualEffectGraphs":true,"m_FxEnabled":true},"in2DMode":false,"pivot":{"x":-9.196971893310547,"y":1.2668304443359376,"z":14.778886795043946},"rotation":{"x":0.04324689134955406,"y":-0.6145598888397217,"z":0.03376999869942665,"w":0.7869678735733032},"size":0.28505560755729678,"orthographic":false}