{"cameraMode":{"drawMode":0,"name":"Shaded","section":"Shading Mode"},"sceneLighting":true,"audioPlay":false,"sceneViewState":{"m_AlwaysRefresh":false,"showFog":true,"showSkybox":true,"showFlares":true,"showImageEffects":true,"showParticleSystems":true,"showVisualEffectGraphs":true,"m_FxEnabled":false},"in2DMode":false,"pivot":{"x":-15.917900085449219,"y":2.959456205368042,"z":37.34796905517578},"rotation":{"x":-0.01107786688953638,"y":0.9901354908943176,"z":0.00043837359407916665,"w":0.16186530888080598},"size":6.901190757751465,"orthographic":false}