{"cameraMode":{"drawMode":0,"name":"Shaded","section":"Shading Mode"},"sceneLighting":true,"audioPlay":false,"sceneViewState":{"m_AlwaysRefresh":false,"showFog":true,"showSkybox":true,"showFlares":true,"showImageEffects":true,"showParticleSystems":true,"showVisualEffectGraphs":true,"m_FxEnabled":false},"in2DMode":false,"pivot":{"x":-19.731273651123048,"y":1.486515998840332,"z":12.898164749145508},"rotation":{"x":0.026262998580932618,"y":-0.2905780076980591,"z":0.009646899998188019,"w":0.9582450985908508},"size":2.6564371585845949,"orthographic":false}