{"cameraMode":{"drawMode":0,"name":"Shaded","section":"Shading Mode"},"sceneLighting":true,"audioPlay":false,"sceneViewState":{"m_AlwaysRefresh":false,"showFog":true,"showSkybox":true,"showFlares":true,"showImageEffects":true,"showParticleSystems":true,"showVisualEffectGraphs":true,"m_FxEnabled":true},"in2DMode":false,"pivot":{"x":-13.783565521240235,"y":3.4984703063964845,"z":-2.092817783355713},"rotation":{"x":-0.06289384514093399,"y":-0.09342940896749497,"z":0.013732441700994969,"w":-0.9943220615386963},"size":2.378453254699707,"orthographic":false}