{"cameraMode":{"drawMode":0,"name":"Shaded","section":"Shading Mode"},"sceneLighting":true,"audioPlay":false,"sceneViewState":{"m_AlwaysRefresh":false,"showFog":true,"showSkybox":true,"showFlares":true,"showImageEffects":true,"showParticleSystems":true,"showVisualEffectGraphs":true,"m_FxEnabled":true},"in2DMode":false,"pivot":{"x":-6.684275150299072,"y":2.1554794311523439,"z":-3.2558298110961916},"rotation":{"x":0.1115131750702858,"y":-0.24572589993476869,"z":0.02930336631834507,"w":0.9629564881324768},"size":0.5991803407669067,"orthographic":false}