{"cameraMode":{"drawMode":0,"name":"Shaded","section":"Shading Mode"},"sceneLighting":true,"audioPlay":false,"sceneViewState":{"m_AlwaysRefresh":false,"showFog":true,"showSkybox":true,"showFlares":true,"showImageEffects":true,"showParticleSystems":true,"showVisualEffectGraphs":true,"m_FxEnabled":true},"in2DMode":false,"pivot":{"x":-37.15744400024414,"y":0.14483311772346497,"z":-43.35765838623047},"rotation":{"x":0.01446832437068224,"y":0.9835224747657776,"z":-0.04921923577785492,"w":0.17941872775554658},"size":0.8660253882408142,"orthographic":false}