{"cameraMode":{"drawMode":0,"name":"Shaded","section":"Shading Mode"},"sceneLighting":true,"audioPlay":false,"sceneViewState":{"m_AlwaysRefresh":false,"showFog":true,"showSkybox":true,"showFlares":true,"showImageEffects":true,"showParticleSystems":true,"showVisualEffectGraphs":true,"m_FxEnabled":true},"in2DMode":false,"pivot":{"x":2.5119457244873049,"y":8.580120086669922,"z":-31.213459014892579},"rotation":{"x":0.16061823070049287,"y":-0.4786512851715088,"z":0.09507911652326584,"w":0.8592068552970886},"size":0.8660253882408142,"orthographic":false}