{"cameraMode":{"drawMode":0,"name":"Shaded","section":"Shading Mode"},"sceneLighting":true,"audioPlay":false,"sceneViewState":{"m_AlwaysRefresh":false,"showFog":true,"showSkybox":true,"showFlares":true,"showImageEffects":true,"showParticleSystems":true,"showVisualEffectGraphs":true,"m_FxEnabled":false},"in2DMode":false,"pivot":{"x":-13.86198616027832,"y":5.428057670593262,"z":19.754976272583009},"rotation":{"x":-0.003391166450455785,"y":-0.9988785982131958,"z":0.015665292739868165,"w":-0.07926107943058014},"size":12.704094886779786,"orthographic":false}