{"cameraMode":{"drawMode":0,"name":"Shaded","section":"Shading Mode"},"sceneLighting":true,"audioPlay":false,"sceneViewState":{"m_AlwaysRefresh":false,"showFog":true,"showSkybox":true,"showFlares":true,"showImageEffects":true,"showParticleSystems":true,"showVisualEffectGraphs":true,"m_FxEnabled":true},"in2DMode":false,"pivot":{"x":-32.607215881347659,"y":2.031404972076416,"z":23.444931030273439},"rotation":{"x":-0.04258488491177559,"y":0.5926121473312378,"z":-0.029700638726353647,"w":-0.8044347167015076},"size":3.7168359756469728,"orthographic":false}