{"cameraMode":{"drawMode":0,"name":"Shaded","section":"Shading Mode"},"sceneLighting":true,"audioPlay":false,"sceneViewState":{"m_AlwaysRefresh":false,"showFog":true,"showSkybox":true,"showFlares":true,"showImageEffects":true,"showParticleSystems":true,"showVisualEffectGraphs":true,"m_FxEnabled":true},"in2DMode":false,"pivot":{"x":-4.509790420532227,"y":3.6286206245422365,"z":-6.135844707489014},"rotation":{"x":0.0015199014451354743,"y":0.9936270713806152,"z":-0.12585778534412385,"w":0.008013554848730564},"size":0.4461822509765625,"orthographic":false}