{"cameraMode":{"drawMode":0,"name":"Shaded","section":"Shading Mode"},"sceneLighting":true,"audioPlay":false,"sceneViewState":{"m_AlwaysRefresh":false,"showFog":true,"showSkybox":true,"showFlares":true,"showImageEffects":true,"showParticleSystems":true,"showVisualEffectGraphs":true,"m_FxEnabled":true},"in2DMode":false,"pivot":{"x":-0.7768290638923645,"y":2.372828483581543,"z":2.093066692352295},"rotation":{"x":0.1627042442560196,"y":-0.03151754289865494,"z":0.005055766552686691,"w":0.9862326383590698},"size":0.37371984124183657,"orthographic":false}