{"cameraMode":{"drawMode":0,"name":"Shaded","section":"Shading Mode"},"sceneLighting":true,"audioPlay":false,"sceneViewState":{"m_AlwaysRefresh":false,"showFog":true,"showSkybox":true,"showFlares":true,"showImageEffects":true,"showParticleSystems":true,"showVisualEffectGraphs":true,"m_FxEnabled":true},"in2DMode":false,"pivot":{"x":-24.26105308532715,"y":2.5906410217285158,"z":19.755876541137697},"rotation":{"x":0.09974616020917893,"y":-0.1410960555076599,"z":0.012011277489364148,"w":0.9861610531806946},"size":0.6560525894165039,"orthographic":false}