{"cameraMode":{"drawMode":0,"name":"Shaded","section":"Shading Mode"},"sceneLighting":true,"audioPlay":false,"sceneViewState":{"m_AlwaysRefresh":false,"showFog":true,"showSkybox":true,"showFlares":true,"showImageEffects":true,"showParticleSystems":true,"showVisualEffectGraphs":true,"m_FxEnabled":true},"in2DMode":false,"pivot":{"x":-13.856927871704102,"y":2.927342653274536,"z":0.2648237645626068},"rotation":{"x":-0.006412812042981386,"y":-0.3110525906085968,"z":-0.0045365202240645889,"w":0.9506785869598389},"size":0.010432790964841843,"orthographic":false}