{"cameraMode":{"drawMode":0,"name":"Shaded","section":"Shading Mode"},"sceneLighting":true,"audioPlay":false,"sceneViewState":{"m_AlwaysRefresh":false,"showFog":true,"showSkybox":true,"showFlares":true,"showImageEffects":true,"showParticleSystems":true,"showVisualEffectGraphs":true,"m_FxEnabled":true},"in2DMode":false,"pivot":{"x":-7.346661567687988,"y":2.9090285301208498,"z":2.2687957286834719},"rotation":{"x":-0.06566277891397476,"y":0.8934228420257568,"z":-0.1392481029033661,"w":-0.42307817935943606},"size":0.8660253882408142,"orthographic":false}