{"cameraMode":{"drawMode":0,"name":"Shaded","section":"Shading Mode"},"sceneLighting":true,"audioPlay":false,"sceneViewState":{"m_AlwaysRefresh":false,"showFog":true,"showSkybox":true,"showFlares":true,"showImageEffects":true,"showParticleSystems":true,"showVisualEffectGraphs":true,"m_FxEnabled":false},"in2DMode":false,"pivot":{"x":13.778416633605957,"y":-0.6472665667533875,"z":35.44167709350586},"rotation":{"x":0.04761075600981712,"y":0.22045741975307465,"z":-0.004861543420702219,"w":0.9768914580345154},"size":21.413429260253908,"orthographic":false}