{"cameraMode":{"drawMode":0,"name":"Shaded","section":"Shading Mode"},"sceneLighting":true,"audioPlay":false,"sceneViewState":{"m_AlwaysRefresh":false,"showFog":true,"showSkybox":true,"showFlares":true,"showImageEffects":true,"showParticleSystems":true,"showVisualEffectGraphs":true,"m_FxEnabled":true},"in2DMode":false,"pivot":{"x":-14.562300682067871,"y":3.220682144165039,"z":3.8708343505859377},"rotation":{"x":0.16902120411396027,"y":-0.24927301704883576,"z":0.04392029345035553,"w":0.9527727365493774},"size":2.0609967708587648,"orthographic":false}