{"cameraMode":{"drawMode":0,"name":"Shaded","section":"Shading Mode"},"sceneLighting":true,"audioPlay":false,"sceneViewState":{"m_AlwaysRefresh":false,"showFog":true,"showSkybox":true,"showFlares":true,"showImageEffects":true,"showParticleSystems":true,"showVisualEffectGraphs":true,"m_FxEnabled":false},"in2DMode":false,"pivot":{"x":-22.412551879882814,"y":2.4492859840393068,"z":7.082315921783447},"rotation":{"x":0.010016491636633873,"y":0.9108616709709168,"z":0.02084876410663128,"w":-0.4149255156517029},"size":0.8660253882408142,"orthographic":false}