{"cameraMode":{"drawMode":0,"name":"Shaded","section":"Shading Mode"},"sceneLighting":true,"audioPlay":false,"sceneViewState":{"m_AlwaysRefresh":false,"showFog":true,"showSkybox":true,"showFlares":true,"showImageEffects":true,"showParticleSystems":true,"showVisualEffectGraphs":true,"m_FxEnabled":true},"in2DMode":false,"pivot":{"x":-15.988961219787598,"y":2.506070613861084,"z":4.914760589599609},"rotation":{"x":-0.08604982495307923,"y":0.22088204324245454,"z":-0.017964765429496766,"w":-0.9725425839424133},"size":3.0675854682922365,"orthographic":false}