{"cameraMode":{"drawMode":0,"name":"Shaded","section":"Shading Mode"},"sceneLighting":true,"audioPlay":false,"sceneViewState":{"m_AlwaysRefresh":false,"showFog":true,"showSkybox":true,"showFlares":true,"showImageEffects":true,"showParticleSystems":true,"showVisualEffectGraphs":true,"m_FxEnabled":true},"in2DMode":false,"pivot":{"x":-29.107778549194337,"y":2.8919637203216554,"z":26.228206634521486},"rotation":{"x":-0.051105137914419177,"y":0.3883078396320343,"z":-0.02160024456679821,"w":-0.9200618267059326},"size":5.112307071685791,"orthographic":false}