{"cameraMode":{"drawMode":0,"name":"Shaded","section":"Shading Mode"},"sceneLighting":true,"audioPlay":false,"sceneViewState":{"m_AlwaysRefresh":false,"showFog":true,"showSkybox":true,"showFlares":true,"showImageEffects":true,"showParticleSystems":true,"showVisualEffectGraphs":true,"m_FxEnabled":false},"in2DMode":false,"pivot":{"x":-11.099623680114746,"y":2.2676985263824465,"z":-0.28891775012016299},"rotation":{"x":-0.05963096767663956,"y":-0.06767303496599198,"z":-0.0005057117668911815,"w":-0.9987844824790955},"size":3.4667835235595705,"orthographic":false}