{"cameraMode":{"drawMode":0,"name":"Shaded","section":"Shading Mode"},"sceneLighting":true,"audioPlay":false,"sceneViewState":{"m_AlwaysRefresh":false,"showFog":true,"showSkybox":true,"showFlares":true,"showImageEffects":true,"showParticleSystems":true,"showVisualEffectGraphs":true,"m_FxEnabled":true},"in2DMode":false,"pivot":{"x":-20.335636138916017,"y":4.765227317810059,"z":38.879554748535159},"rotation":{"x":0.07733196765184403,"y":0.05495094507932663,"z":-0.0037353637162595989,"w":0.9967215061187744},"size":5.995720386505127,"orthographic":false}