{"cameraMode":{"drawMode":0,"name":"Shaded","section":"Shading Mode"},"sceneLighting":true,"audioPlay":false,"sceneViewState":{"m_AlwaysRefresh":false,"showFog":true,"showSkybox":true,"showFlares":true,"showImageEffects":true,"showParticleSystems":true,"showVisualEffectGraphs":true,"m_FxEnabled":false},"in2DMode":false,"pivot":{"x":-4.865390777587891,"y":3.4960954189300539,"z":-2.2667055130004885},"rotation":{"x":0.07367511838674545,"y":-0.24823780357837678,"z":0.018853358924388887,"w":0.9685940146446228},"size":2.113095283508301,"orthographic":false}