{"cameraMode":{"drawMode":0,"name":"Shaded","section":"Shading Mode"},"sceneLighting":true,"audioPlay":false,"sceneViewState":{"m_AlwaysRefresh":false,"showFog":true,"showSkybox":true,"showFlares":true,"showImageEffects":true,"showParticleSystems":true,"showVisualEffectGraphs":true,"m_FxEnabled":true},"in2DMode":false,"pivot":{"x":-28.777353286743165,"y":1.8840622901916505,"z":-6.161688327789307},"rotation":{"x":0.07320355623960495,"y":-0.7407854199409485,"z":0.08116739243268967,"w":0.6629839539527893},"size":1.4099078178405762,"orthographic":false}