{"cameraMode":{"drawMode":0,"name":"Shaded","section":"Shading Mode"},"sceneLighting":true,"audioPlay":false,"sceneViewState":{"m_AlwaysRefresh":false,"showFog":true,"showSkybox":true,"showFlares":true,"showImageEffects":true,"showParticleSystems":true,"showVisualEffectGraphs":true,"m_FxEnabled":true},"in2DMode":false,"pivot":{"x":-4.572413444519043,"y":1.5133477449417115,"z":-7.519052505493164},"rotation":{"x":0.031237943097949029,"y":-0.8894609808921814,"z":0.061468515545129779,"w":0.45193591713905337},"size":3.7296016216278078,"orthographic":false}