{"cameraMode":{"drawMode":0,"name":"Shaded","section":"Shading Mode"},"sceneLighting":true,"audioPlay":false,"sceneViewState":{"m_AlwaysRefresh":false,"showFog":true,"showSkybox":true,"showFlares":true,"showImageEffects":true,"showParticleSystems":true,"showVisualEffectGraphs":true,"m_FxEnabled":true},"in2DMode":false,"pivot":{"x":-24.023967742919923,"y":2.417893886566162,"z":19.926515579223634},"rotation":{"x":0.15137332677841187,"y":-0.497642457485199,"z":0.08026336878538132,"w":0.8512818813323975},"size":0.5529046058654785,"orthographic":false}