{"cameraMode":{"drawMode":0,"name":"Shaded","section":"Shading Mode"},"sceneLighting":true,"audioPlay":false,"sceneViewState":{"m_AlwaysRefresh":false,"showFog":true,"showSkybox":true,"showFlares":true,"showImageEffects":true,"showParticleSystems":true,"showVisualEffectGraphs":true,"m_FxEnabled":false},"in2DMode":false,"pivot":{"x":-21.951492309570314,"y":2.9377808570861818,"z":6.284501552581787},"rotation":{"x":-0.08384758979082108,"y":0.865769624710083,"z":-0.15126360952854157,"w":-0.47597724199295046},"size":1.2448042631149293,"orthographic":false}