{"cameraMode":{"drawMode":0,"name":"Shaded","section":"Shading Mode"},"sceneLighting":true,"audioPlay":false,"sceneViewState":{"m_AlwaysRefresh":false,"showFog":true,"showSkybox":true,"showFlares":true,"showImageEffects":true,"showParticleSystems":true,"showVisualEffectGraphs":true,"m_FxEnabled":false},"in2DMode":false,"pivot":{"x":-16.454055786132814,"y":2.175624370574951,"z":11.307056427001954},"rotation":{"x":-0.0011941705597564579,"y":0.7823671698570252,"z":0.009555140510201455,"w":-0.6275483965873718},"size":1.2448042631149293,"orthographic":false}