{"cameraMode":{"drawMode":0,"name":"Shaded","section":"Shading Mode"},"sceneLighting":true,"audioPlay":false,"sceneViewState":{"m_AlwaysRefresh":false,"showFog":true,"showSkybox":true,"showFlares":true,"showImageEffects":true,"showParticleSystems":true,"showVisualEffectGraphs":true,"m_FxEnabled":true},"in2DMode":false,"pivot":{"x":-12.314949989318848,"y":6.067875862121582,"z":42.514076232910159},"rotation":{"x":0.0012761085527017713,"y":0.9967621564865112,"z":-0.05855468660593033,"w":0.0677013099193573},"size":3.9904634952545168,"orthographic":false}