{"cameraMode":{"drawMode":0,"name":"Shaded","section":"Shading Mode"},"sceneLighting":true,"audioPlay":false,"sceneViewState":{"m_AlwaysRefresh":false,"showFog":true,"showSkybox":true,"showFlares":true,"showImageEffects":true,"showParticleSystems":true,"showVisualEffectGraphs":true,"m_FxEnabled":true},"in2DMode":false,"pivot":{"x":-3.1972553730010988,"y":1.5070960521697999,"z":14.504737854003907},"rotation":{"x":-0.031267017126083377,"y":0.9690812826156616,"z":-0.1673264056444168,"w":-0.18039807677268983},"size":0.2563956081867218,"orthographic":false}