{"cameraMode":{"drawMode":0,"name":"Shaded","section":"Shading Mode"},"sceneLighting":true,"audioPlay":false,"sceneViewState":{"m_AlwaysRefresh":false,"showFog":true,"showSkybox":true,"showFlares":true,"showImageEffects":true,"showParticleSystems":true,"showVisualEffectGraphs":true,"m_FxEnabled":false},"in2DMode":false,"pivot":{"x":-0.8465848565101624,"y":1.9716572761535645,"z":16.598012924194337},"rotation":{"x":-0.06939729303121567,"y":-0.48287534713745119,"z":0.04383065924048424,"w":-0.8751664161682129},"size":1.9958781003952027,"orthographic":false}