{"cameraMode":{"drawMode":0,"name":"Shaded","section":"Shading Mode"},"sceneLighting":true,"audioPlay":false,"sceneViewState":{"m_AlwaysRefresh":false,"showFog":true,"showSkybox":true,"showFlares":true,"showImageEffects":true,"showParticleSystems":true,"showVisualEffectGraphs":true,"m_FxEnabled":true},"in2DMode":false,"pivot":{"x":1.2853721380233765,"y":2.0025863647460939,"z":3.2668755054473879},"rotation":{"x":-0.08162231743335724,"y":-0.4476167857646942,"z":0.04107373580336571,"w":-0.8895591497421265},"size":0.8162312507629395,"orthographic":false}