{"cameraMode":{"drawMode":0,"name":"Shaded","section":"Shading Mode"},"sceneLighting":true,"audioPlay":false,"sceneViewState":{"m_AlwaysRefresh":false,"showFog":true,"showSkybox":true,"showFlares":true,"showImageEffects":true,"showParticleSystems":true,"showVisualEffectGraphs":true,"m_FxEnabled":false},"in2DMode":false,"pivot":{"x":-16.361520767211915,"y":2.5162742137908937,"z":8.470751762390137},"rotation":{"x":-0.014560442417860031,"y":-0.9602107405662537,"z":0.02323196269571781,"w":-0.28478479385375979},"size":0.8660253882408142,"orthographic":false}