{"cameraMode":{"drawMode":0,"name":"Shaded","section":"Shading Mode"},"sceneLighting":true,"audioPlay":false,"sceneViewState":{"m_AlwaysRefresh":false,"showFog":true,"showSkybox":true,"showFlares":true,"showImageEffects":true,"showParticleSystems":true,"showVisualEffectGraphs":true,"m_FxEnabled":false},"in2DMode":false,"pivot":{"x":-48.04231643676758,"y":1.608783483505249,"z":-14.862968444824219},"rotation":{"x":-0.009509538300335408,"y":-0.9448544979095459,"z":0.013915021903812886,"w":0.33518368005752566},"size":21.413429260253908,"orthographic":false}