{"cameraMode":{"drawMode":0,"name":"Shaded","section":"Shading Mode"},"sceneLighting":true,"audioPlay":false,"sceneViewState":{"m_AlwaysRefresh":false,"showFog":true,"showSkybox":true,"showFlares":true,"showImageEffects":true,"showParticleSystems":true,"showVisualEffectGraphs":true,"m_FxEnabled":true},"in2DMode":false,"pivot":{"x":-6.442505359649658,"y":1.6637917757034302,"z":-2.7629716396331789},"rotation":{"x":0.026892393827438356,"y":-0.4600830376148224,"z":0.0068334778770804409,"w":0.8889414072036743},"size":1.1501593589782715,"orthographic":false}