{"cameraMode":{"drawMode":0,"name":"Shaded","section":"Shading Mode"},"sceneLighting":true,"audioPlay":false,"sceneViewState":{"m_AlwaysRefresh":false,"showFog":true,"showSkybox":true,"showFlares":true,"showImageEffects":true,"showParticleSystems":true,"showVisualEffectGraphs":true,"m_FxEnabled":true},"in2DMode":false,"pivot":{"x":-3.912217140197754,"y":2.4671645164489748,"z":14.596247673034668},"rotation":{"x":-0.0034648459404706957,"y":-0.996309757232666,"z":0.07035580277442932,"w":-0.04906164109706879},"size":0.7751522660255432,"orthographic":false}