{"cameraMode":{"drawMode":0,"name":"Shaded","section":"Shading Mode"},"sceneLighting":true,"audioPlay":false,"sceneViewState":{"m_AlwaysRefresh":false,"showFog":true,"showSkybox":true,"showFlares":true,"showImageEffects":true,"showParticleSystems":true,"showVisualEffectGraphs":true,"m_FxEnabled":true},"in2DMode":false,"pivot":{"x":-21.03958511352539,"y":2.338219165802002,"z":-11.317317008972168},"rotation":{"x":-0.007025384344160557,"y":-0.9882386922836304,"z":0.14664921164512635,"w":-0.048741813749074939},"size":1.7594860792160035,"orthographic":false}