{"cameraMode":{"drawMode":0,"name":"Shaded","section":"Shading Mode"},"sceneLighting":true,"audioPlay":false,"sceneViewState":{"m_AlwaysRefresh":false,"showFog":true,"showSkybox":true,"showFlares":true,"showImageEffects":true,"showParticleSystems":true,"showVisualEffectGraphs":true,"m_FxEnabled":true},"in2DMode":false,"pivot":{"x":-3.2274069786071779,"y":2.6075265407562258,"z":13.066027641296387},"rotation":{"x":0.14736519753932954,"y":-0.16330286860466004,"z":0.02521939016878605,"w":0.9756664633750916},"size":0.5991803407669067,"orthographic":false}