{"cameraMode":{"drawMode":0,"name":"Shaded","section":"Shading Mode"},"sceneLighting":true,"audioPlay":false,"sceneViewState":{"m_AlwaysRefresh":false,"showFog":true,"showSkybox":true,"showFlares":true,"showImageEffects":true,"showParticleSystems":true,"showVisualEffectGraphs":true,"m_FxEnabled":false},"in2DMode":false,"pivot":{"x":-15.305307388305664,"y":3.499264717102051,"z":3.3634886741638185},"rotation":{"x":-0.06019587069749832,"y":-0.902649998664856,"z":0.14615117013454438,"w":-0.40419307351112368},"size":1.4070827960968018,"orthographic":false}