{"cameraMode":{"drawMode":0,"name":"Shaded","section":"Shading Mode"},"sceneLighting":true,"audioPlay":false,"sceneViewState":{"m_AlwaysRefresh":false,"showFog":true,"showSkybox":true,"showFlares":true,"showImageEffects":true,"showParticleSystems":true,"showVisualEffectGraphs":true,"m_FxEnabled":false},"in2DMode":false,"pivot":{"x":-10.951974868774414,"y":1.6780086755752564,"z":-2.8443245887756349},"rotation":{"x":0.044470712542533877,"y":-0.8939691185951233,"z":0.050945647060871127,"w":0.44851037859916689},"size":4.515960693359375,"orthographic":false}