{"cameraMode":{"drawMode":0,"name":"Shaded","section":"Shading Mode"},"sceneLighting":true,"audioPlay":false,"sceneViewState":{"m_AlwaysRefresh":false,"showFog":true,"showSkybox":true,"showFlares":true,"showImageEffects":true,"showParticleSystems":true,"showVisualEffectGraphs":true,"m_FxEnabled":false},"in2DMode":false,"pivot":{"x":-16.711698532104493,"y":2.018739938735962,"z":10.694869041442871},"rotation":{"x":0.0005488264723680913,"y":-0.959014356136322,"z":-0.024006204679608346,"w":-0.2882925570011139},"size":1.3905105590820313,"orthographic":false}