{"cameraMode":{"drawMode":0,"name":"Shaded","section":"Shading Mode"},"sceneLighting":true,"audioPlay":false,"sceneViewState":{"m_AlwaysRefresh":false,"showFog":true,"showSkybox":true,"showFlares":true,"showImageEffects":true,"showParticleSystems":true,"showVisualEffectGraphs":true,"m_FxEnabled":true},"in2DMode":false,"pivot":{"x":-29.238798141479493,"y":-5.326751708984375,"z":10.727266311645508},"rotation":{"x":0.05199199542403221,"y":-0.6173625588417053,"z":0.04060016945004463,"w":0.7840328812599182},"size":13.908331871032715,"orthographic":false}