{"cameraMode":{"drawMode":0,"name":"Shaded","section":"Shading Mode"},"sceneLighting":true,"audioPlay":false,"sceneViewState":{"m_AlwaysRefresh":false,"showFog":true,"showSkybox":true,"showFlares":true,"showImageEffects":true,"showParticleSystems":true,"showVisualEffectGraphs":true,"m_FxEnabled":true},"in2DMode":false,"pivot":{"x":-21.090797424316408,"y":2.391580104827881,"z":56.48365783691406},"rotation":{"x":0.0005198073922656477,"y":0.997917890548706,"z":-0.013517353683710099,"w":0.083592489361763},"size":2.160759687423706,"orthographic":false}