{"cameraMode":{"drawMode":0,"name":"Shaded","section":"Shading Mode"},"sceneLighting":true,"audioPlay":false,"sceneViewState":{"m_AlwaysRefresh":false,"showFog":true,"showSkybox":true,"showFlares":true,"showImageEffects":true,"showParticleSystems":true,"showVisualEffectGraphs":true,"m_FxEnabled":true},"in2DMode":false,"pivot":{"x":0.8632768392562866,"y":2.3516862392425539,"z":-4.164947032928467},"rotation":{"x":0.10698835551738739,"y":-0.8231609463691711,"z":0.16509008407592774,"w":0.532798707485199},"size":0.8660253882408142,"orthographic":false}