{"cameraMode":{"drawMode":0,"name":"Shaded","section":"Shading Mode"},"sceneLighting":true,"audioPlay":false,"sceneViewState":{"m_AlwaysRefresh":false,"showFog":true,"showSkybox":true,"showFlares":true,"showImageEffects":true,"showParticleSystems":true,"showVisualEffectGraphs":true,"m_FxEnabled":true},"in2DMode":false,"pivot":{"x":-1.6677427291870118,"y":-5.0863494873046879,"z":40.952186584472659},"rotation":{"x":0.09397326409816742,"y":0.09155365079641342,"z":-0.019140776246786119,"w":0.9921002984046936},"size":23.886205673217775,"orthographic":false}