{"cameraMode":{"drawMode":0,"name":"Shaded","section":"Shading Mode"},"sceneLighting":true,"audioPlay":false,"sceneViewState":{"m_AlwaysRefresh":false,"showFog":true,"showSkybox":true,"showFlares":true,"showImageEffects":true,"showParticleSystems":true,"showVisualEffectGraphs":true,"m_FxEnabled":true},"in2DMode":false,"pivot":{"x":-14.841327667236329,"y":4.3084845542907719,"z":6.056391716003418},"rotation":{"x":0.01833215355873108,"y":0.94158536195755,"z":-0.05236733704805374,"w":0.33261582255363467},"size":0.8660253882408142,"orthographic":false}