{"cameraMode":{"drawMode":0,"name":"Shaded","section":"Shading Mode"},"sceneLighting":true,"audioPlay":false,"sceneViewState":{"m_AlwaysRefresh":false,"showFog":true,"showSkybox":true,"showFlares":true,"showImageEffects":true,"showParticleSystems":true,"showVisualEffectGraphs":true,"m_FxEnabled":false},"in2DMode":false,"pivot":{"x":-6.831576824188232,"y":2.0138702392578127,"z":0.40839144587516787},"rotation":{"x":0.014980945736169815,"y":0.8343830108642578,"z":-0.01817289926111698,"w":0.5538151264190674},"size":0.29759442806243899,"orthographic":false}