{"cameraMode":{"drawMode":0,"name":"Shaded","section":"Shading Mode"},"sceneLighting":true,"audioPlay":false,"sceneViewState":{"m_AlwaysRefresh":false,"showFog":true,"showSkybox":true,"showFlares":true,"showImageEffects":true,"showParticleSystems":true,"showVisualEffectGraphs":true,"m_FxEnabled":true},"in2DMode":false,"pivot":{"x":-15.796049118041993,"y":3.3566787242889406,"z":2.5702579021453859},"rotation":{"x":-0.018656129017472268,"y":-0.8603748083114624,"z":0.020348813384771348,"w":-0.5106328725814819},"size":0.38118112087249758,"orthographic":false}