{"cameraMode":{"drawMode":0,"name":"Shaded","section":"Shading Mode"},"sceneLighting":true,"audioPlay":false,"sceneViewState":{"m_AlwaysRefresh":false,"showFog":true,"showSkybox":true,"showFlares":true,"showImageEffects":true,"showParticleSystems":true,"showVisualEffectGraphs":true,"m_FxEnabled":false},"in2DMode":false,"pivot":{"x":-15.028841018676758,"y":3.0068273544311525,"z":4.79885196685791},"rotation":{"x":0.16799047589302064,"y":-0.1639542281627655,"z":0.017091840505599977,"w":0.9754210710525513},"size":0.8660253882408142,"orthographic":false}