{"cameraMode":{"drawMode":0,"name":"Shaded","section":"Shading Mode"},"sceneLighting":true,"audioPlay":false,"sceneViewState":{"m_AlwaysRefresh":false,"showFog":true,"showSkybox":true,"showFlares":true,"showImageEffects":true,"showParticleSystems":true,"showVisualEffectGraphs":true,"m_FxEnabled":false},"in2DMode":false,"pivot":{"x":-5.708405494689941,"y":2.0793991088867189,"z":12.394192695617676},"rotation":{"x":-0.027979474514722825,"y":0.6653991341590881,"z":-0.014996632002294064,"w":-0.7497814893722534},"size":1.883955717086792,"orthographic":false}