{"cameraMode":{"drawMode":0,"name":"Shaded","section":"Shading Mode"},"sceneLighting":true,"audioPlay":false,"sceneViewState":{"m_AlwaysRefresh":false,"showFog":true,"showSkybox":true,"showFlares":true,"showImageEffects":true,"showParticleSystems":true,"showVisualEffectGraphs":true,"m_FxEnabled":false},"in2DMode":false,"pivot":{"x":-14.34499740600586,"y":3.1010265350341799,"z":-0.05615110322833061},"rotation":{"x":-0.04507395252585411,"y":-0.8209985494613648,"z":0.05748584121465683,"w":-0.5683927536010742},"size":2.0429117679595949,"orthographic":false}