{"cameraMode":{"drawMode":0,"name":"Shaded","section":"Shading Mode"},"sceneLighting":true,"audioPlay":false,"sceneViewState":{"m_AlwaysRefresh":false,"showFog":true,"showSkybox":true,"showFlares":true,"showImageEffects":true,"showParticleSystems":true,"showVisualEffectGraphs":true,"m_FxEnabled":false},"in2DMode":false,"pivot":{"x":-21.11581802368164,"y":6.987016201019287,"z":38.46950149536133},"rotation":{"x":-0.030118359252810479,"y":-0.9804049134254456,"z":0.09293633699417114,"w":-0.18235649168491364},"size":0.8660253882408142,"orthographic":false}