{"cameraMode":{"drawMode":0,"name":"Shaded","section":"Shading Mode"},"sceneLighting":true,"audioPlay":false,"sceneViewState":{"m_AlwaysRefresh":false,"showFog":true,"showSkybox":true,"showFlares":true,"showImageEffects":true,"showParticleSystems":true,"showVisualEffectGraphs":true,"m_FxEnabled":false},"in2DMode":false,"pivot":{"x":16.8416805267334,"y":-0.5421116352081299,"z":-24.367841720581056},"rotation":{"x":0.025676308199763299,"y":0.9157108664512634,"z":-0.03730981796979904,"w":0.4058493673801422},"size":21.413429260253908,"orthographic":false}