{"cameraMode":{"drawMode":0,"name":"Shaded","section":"Shading Mode"},"sceneLighting":true,"audioPlay":false,"sceneViewState":{"m_AlwaysRefresh":false,"showFog":true,"showSkybox":true,"showFlares":true,"showImageEffects":true,"showParticleSystems":true,"showVisualEffectGraphs":true,"m_FxEnabled":true},"in2DMode":false,"pivot":{"x":-17.056289672851564,"y":-1.8186020851135255,"z":15.433209419250489},"rotation":{"x":0.19196060299873353,"y":-0.06669042259454727,"z":0.013135913759469986,"w":0.9796960353851318},"size":6.373104572296143,"orthographic":false}