{"cameraMode":{"drawMode":0,"name":"Shaded","section":"Shading Mode"},"sceneLighting":true,"audioPlay":false,"sceneViewState":{"m_AlwaysRefresh":false,"showFog":true,"showSkybox":true,"showFlares":true,"showImageEffects":true,"showParticleSystems":true,"showVisualEffectGraphs":true,"m_FxEnabled":false},"in2DMode":false,"pivot":{"x":-8.684635162353516,"y":20.425140380859376,"z":-13.139337539672852},"rotation":{"x":0.001048967707902193,"y":-0.985258162021637,"z":0.0251416377723217,"w":0.17681021988391877},"size":0.8660253882408142,"orthographic":false}