{"cameraMode":{"drawMode":0,"name":"Shaded","section":"Shading Mode"},"sceneLighting":true,"audioPlay":false,"sceneViewState":{"m_AlwaysRefresh":false,"showFog":true,"showSkybox":true,"showFlares":true,"showImageEffects":true,"showParticleSystems":true,"showVisualEffectGraphs":true,"m_FxEnabled":false},"in2DMode":false,"pivot":{"x":-2.444798469543457,"y":2.2069785594940187,"z":16.45673370361328},"rotation":{"x":-0.040042679756879809,"y":-0.3703504502773285,"z":0.007318096235394478,"w":-0.9310992956161499},"size":1.9958781003952027,"orthographic":false}