{"cameraMode":{"drawMode":0,"name":"Shaded","section":"Shading Mode"},"sceneLighting":true,"audioPlay":false,"sceneViewState":{"m_AlwaysRefresh":false,"showFog":true,"showSkybox":true,"showFlares":true,"showImageEffects":true,"showParticleSystems":true,"showVisualEffectGraphs":true,"m_FxEnabled":true},"in2DMode":false,"pivot":{"x":-12.801351547241211,"y":-0.6655747294425964,"z":9.193621635437012},"rotation":{"x":-0.08825476467609406,"y":0.19169379770755769,"z":-0.017595717683434488,"w":-0.9787711501121521},"size":9.434555053710938,"orthographic":false}