{"cameraMode":{"drawMode":0,"name":"Shaded","section":"Shading Mode"},"sceneLighting":true,"audioPlay":false,"sceneViewState":{"m_AlwaysRefresh":false,"showFog":true,"showSkybox":true,"showFlares":true,"showImageEffects":true,"showParticleSystems":true,"showVisualEffectGraphs":true,"m_FxEnabled":true},"in2DMode":false,"pivot":{"x":10.466813087463379,"y":-11.994648933410645,"z":60.62533187866211},"rotation":{"x":0.12002179026603699,"y":0.12435132265090943,"z":-0.01813490502536297,"w":0.9861108660697937},"size":33.299415588378909,"orthographic":false}