{"cameraMode":{"drawMode":0,"name":"Shaded","section":"Shading Mode"},"sceneLighting":true,"audioPlay":false,"sceneViewState":{"m_AlwaysRefresh":false,"showFog":true,"showSkybox":true,"showFlares":true,"showImageEffects":true,"showParticleSystems":true,"showVisualEffectGraphs":true,"m_FxEnabled":true},"in2DMode":false,"pivot":{"x":-7.612355709075928,"y":3.443507671356201,"z":-1.5605322122573853},"rotation":{"x":-0.08036526292562485,"y":0.3116018772125244,"z":-0.027117155492305757,"w":-0.9466512203216553},"size":0.8660253882408142,"orthographic":false}