{"cameraMode":{"drawMode":0,"name":"Shaded","section":"Shading Mode"},"sceneLighting":true,"audioPlay":false,"sceneViewState":{"m_AlwaysRefresh":false,"showFog":true,"showSkybox":true,"showFlares":true,"showImageEffects":true,"showParticleSystems":true,"showVisualEffectGraphs":true,"m_FxEnabled":false},"in2DMode":false,"pivot":{"x":-15.354283332824707,"y":2.293992280960083,"z":-0.34117722511291506},"rotation":{"x":-0.0022175274789333345,"y":-0.0560402013361454,"z":0.001787960180081427,"w":1.0001482963562012},"size":1.3905105590820313,"orthographic":false}