{"cameraMode":{"drawMode":0,"name":"Shaded","section":"Shading Mode"},"sceneLighting":true,"audioPlay":false,"sceneViewState":{"m_AlwaysRefresh":false,"showFog":true,"showSkybox":true,"showFlares":true,"showImageEffects":true,"showParticleSystems":true,"showVisualEffectGraphs":true,"m_FxEnabled":true},"in2DMode":false,"pivot":{"x":-15.68733024597168,"y":2.1456117630004885,"z":-5.736684322357178},"rotation":{"x":-0.05991913750767708,"y":-0.34474730491638186,"z":0.023983588442206384,"w":-0.9377067685127258},"size":0.8660253882408142,"orthographic":false}