{"cameraMode":{"drawMode":0,"name":"Shaded","section":"Shading Mode"},"sceneLighting":true,"audioPlay":false,"sceneViewState":{"m_AlwaysRefresh":false,"showFog":true,"showSkybox":true,"showFlares":true,"showImageEffects":true,"showParticleSystems":true,"showVisualEffectGraphs":true,"m_FxEnabled":true},"in2DMode":false,"pivot":{"x":-19.73044204711914,"y":0.5954923629760742,"z":34.73937225341797},"rotation":{"x":-0.004687907174229622,"y":-0.14975270628929139,"z":0.001177688129246235,"w":-0.9889091849327087},"size":1.5916253328323365,"orthographic":false}