{"cameraMode":{"drawMode":0,"name":"Shaded","section":"Shading Mode"},"sceneLighting":true,"audioPlay":false,"sceneViewState":{"m_AlwaysRefresh":false,"showFog":true,"showSkybox":true,"showFlares":true,"showImageEffects":true,"showParticleSystems":true,"showVisualEffectGraphs":true,"m_FxEnabled":false},"in2DMode":false,"pivot":{"x":-21.885332107543947,"y":3.4173407554626467,"z":20.237184524536134},"rotation":{"x":0.08129224926233292,"y":-0.5505397915840149,"z":0.052703067660331729,"w":0.8307963013648987},"size":0.11125998198986054,"orthographic":false}