{"cameraMode":{"drawMode":0,"name":"Shaded","section":"Shading Mode"},"sceneLighting":true,"audioPlay":false,"sceneViewState":{"m_AlwaysRefresh":false,"showFog":true,"showSkybox":true,"showFlares":true,"showImageEffects":true,"showParticleSystems":true,"showVisualEffectGraphs":true,"m_FxEnabled":true},"in2DMode":false,"pivot":{"x":-10.366433143615723,"y":4.960752487182617,"z":-7.515732765197754},"rotation":{"x":-0.2302137166261673,"y":0.02568543702363968,"z":0.004560987930744886,"w":-0.9737541675567627},"size":0.2192300260066986,"orthographic":false}