{"cameraMode":{"drawMode":0,"name":"Shaded","section":"Shading Mode"},"sceneLighting":true,"audioPlay":false,"sceneViewState":{"m_AlwaysRefresh":false,"showFog":true,"showSkybox":true,"showFlares":true,"showImageEffects":true,"showParticleSystems":true,"showVisualEffectGraphs":true,"m_FxEnabled":false},"in2DMode":false,"pivot":{"x":-24.25060272216797,"y":3.0334320068359377,"z":19.71672821044922},"rotation":{"x":-0.045855823904275897,"y":-0.49261516332626345,"z":0.01222211867570877,"w":-0.8711914420127869},"size":0.12303587794303894,"orthographic":false}