{"cameraMode":{"drawMode":0,"name":"Shaded","section":"Shading Mode"},"sceneLighting":true,"audioPlay":false,"sceneViewState":{"m_AlwaysRefresh":false,"showFog":true,"showSkybox":true,"showFlares":true,"showImageEffects":true,"showParticleSystems":true,"showVisualEffectGraphs":true,"m_FxEnabled":true},"in2DMode":false,"pivot":{"x":-34.42106628417969,"y":0.017051637172698976,"z":-44.4732551574707},"rotation":{"x":0.006316604092717171,"y":0.9886908531188965,"z":-0.043032966554164889,"w":0.1446543037891388},"size":6.124293804168701,"orthographic":false}