{"cameraMode":{"drawMode":0,"name":"Shaded","section":"Shading Mode"},"sceneLighting":true,"audioPlay":false,"sceneViewState":{"m_AlwaysRefresh":false,"showFog":true,"showSkybox":true,"showFlares":true,"showImageEffects":true,"showParticleSystems":true,"showVisualEffectGraphs":true,"m_FxEnabled":false},"in2DMode":false,"pivot":{"x":-15.001197814941407,"y":4.791945457458496,"z":2.3795127868652345},"rotation":{"x":0.010471436195075512,"y":0.9149231314659119,"z":-0.014381098560988903,"w":0.40782123804092409},"size":0.8660253882408142,"orthographic":false}