{"cameraMode":{"drawMode":0,"name":"Shaded","section":"Shading Mode"},"sceneLighting":true,"audioPlay":false,"sceneViewState":{"m_AlwaysRefresh":false,"showFog":true,"showSkybox":true,"showFlares":true,"showImageEffects":true,"showParticleSystems":true,"showVisualEffectGraphs":true,"m_FxEnabled":true},"in2DMode":false,"pivot":{"x":-17.850147247314454,"y":1.3988972902297974,"z":47.75859451293945},"rotation":{"x":0.002064094180241227,"y":-0.9970957636833191,"z":-0.007961359806358815,"w":-0.08226100355386734},"size":0.8660253882408142,"orthographic":false}