{"cameraMode":{"drawMode":0,"name":"Shaded","section":"Shading Mode"},"sceneLighting":true,"audioPlay":false,"sceneViewState":{"m_AlwaysRefresh":false,"showFog":true,"showSkybox":true,"showFlares":true,"showImageEffects":true,"showParticleSystems":true,"showVisualEffectGraphs":true,"m_FxEnabled":false},"in2DMode":false,"pivot":{"x":4.890947341918945,"y":2.5634899139404299,"z":7.934530735015869},"rotation":{"x":0.19424118101596833,"y":-0.32144787907600405,"z":0.06243747100234032,"w":0.9280256032943726},"size":1.2448042631149293,"orthographic":false}