{"cameraMode":{"drawMode":0,"name":"Shaded","section":"Shading Mode"},"sceneLighting":true,"audioPlay":false,"sceneViewState":{"m_AlwaysRefresh":false,"showFog":true,"showSkybox":true,"showFlares":true,"showImageEffects":true,"showParticleSystems":true,"showVisualEffectGraphs":true,"m_FxEnabled":true},"in2DMode":false,"pivot":{"x":-23.716951370239259,"y":1.6010768413543702,"z":-10.462662696838379},"rotation":{"x":0.10998845845460892,"y":0.6633840203285217,"z":-0.10264834016561508,"w":0.7338867783546448},"size":2.033864736557007,"orthographic":false}