{"cameraMode":{"drawMode":0,"name":"Shaded","section":"Shading Mode"},"sceneLighting":true,"audioPlay":false,"sceneViewState":{"m_AlwaysRefresh":false,"showFog":true,"showSkybox":true,"showFlares":true,"showImageEffects":true,"showParticleSystems":true,"showVisualEffectGraphs":true,"m_FxEnabled":true},"in2DMode":false,"pivot":{"x":-19.99310874938965,"y":0.5556014180183411,"z":12.168054580688477},"rotation":{"x":-0.13745440542697907,"y":0.27021899819374087,"z":-0.03627806156873703,"w":-0.9532029628753662},"size":7.071264743804932,"orthographic":false}