{"cameraMode":{"drawMode":0,"name":"Shaded","section":"Shading Mode"},"sceneLighting":true,"audioPlay":false,"sceneViewState":{"m_AlwaysRefresh":false,"showFog":true,"showSkybox":true,"showFlares":true,"showImageEffects":true,"showParticleSystems":true,"showVisualEffectGraphs":true,"m_FxEnabled":false},"in2DMode":false,"pivot":{"x":-25.075313568115236,"y":0.9414145946502686,"z":20.474042892456056},"rotation":{"x":0.05582880973815918,"y":-0.23831337690353394,"z":0.01567363739013672,"w":0.9712393879890442},"size":11.696578025817871,"orthographic":false}