{"cameraMode":{"drawMode":0,"name":"Shaded","section":"Shading Mode"},"sceneLighting":true,"audioPlay":false,"sceneViewState":{"m_AlwaysRefresh":false,"showFog":true,"showSkybox":true,"showFlares":true,"showImageEffects":true,"showParticleSystems":true,"showVisualEffectGraphs":true,"m_FxEnabled":true},"in2DMode":false,"pivot":{"x":-19.159732818603517,"y":1.598204493522644,"z":49.89970016479492},"rotation":{"x":0.06140004098415375,"y":0.22726567089557649,"z":0.012662096880376339,"w":-0.972187340259552},"size":5.359074115753174,"orthographic":false}