{"cameraMode":{"drawMode":0,"name":"Shaded","section":"Shading Mode"},"sceneLighting":true,"audioPlay":false,"sceneViewState":{"m_AlwaysRefresh":false,"showFog":true,"showSkybox":true,"showFlares":true,"showImageEffects":true,"showParticleSystems":true,"showVisualEffectGraphs":true,"m_FxEnabled":true},"in2DMode":false,"pivot":{"x":-16.024011611938478,"y":1.9483107328414918,"z":5.390642166137695},"rotation":{"x":0.11343424767255783,"y":-0.35100704431533816,"z":0.03870308771729469,"w":0.9294604063034058},"size":2.6537744998931886,"orthographic":false}