{"cameraMode":{"drawMode":0,"name":"Shaded","section":"Shading Mode"},"sceneLighting":true,"audioPlay":false,"sceneViewState":{"m_AlwaysRefresh":false,"showFog":true,"showSkybox":true,"showFlares":true,"showImageEffects":true,"showParticleSystems":true,"showVisualEffectGraphs":true,"m_FxEnabled":true},"in2DMode":false,"pivot":{"x":-6.111490726470947,"y":1.8341777324676514,"z":0.8751528263092041},"rotation":{"x":0.03171667456626892,"y":-0.4123417139053345,"z":0.014350097626447678,"w":0.910673201084137},"size":1.4635223150253297,"orthographic":false}