{"cameraMode":{"drawMode":0,"name":"Shaded","section":"Shading Mode"},"sceneLighting":true,"audioPlay":false,"sceneViewState":{"m_AlwaysRefresh":false,"showFog":true,"showSkybox":true,"showFlares":true,"showImageEffects":true,"showParticleSystems":true,"showVisualEffectGraphs":true,"m_FxEnabled":true},"in2DMode":false,"pivot":{"x":4.366160869598389,"y":19.620391845703126,"z":45.873748779296878},"rotation":{"x":0.05852990597486496,"y":0.3786306381225586,"z":-0.024047210812568666,"w":0.9235277771949768},"size":0.8660253882408142,"orthographic":false}