{"cameraMode":{"drawMode":0,"name":"Shaded","section":"Shading Mode"},"sceneLighting":true,"audioPlay":false,"sceneViewState":{"m_AlwaysRefresh":false,"showFog":true,"showSkybox":true,"showFlares":true,"showImageEffects":true,"showParticleSystems":true,"showVisualEffectGraphs":true,"m_FxEnabled":false},"in2DMode":false,"pivot":{"x":-23.317419052124025,"y":2.8039066791534426,"z":20.13170623779297},"rotation":{"x":-0.09764270484447479,"y":0.41860878467559817,"z":-0.04097488895058632,"w":-0.9032300710678101},"size":0.5872219204902649,"orthographic":false}