{"cameraMode":{"drawMode":0,"name":"Shaded","section":"Shading Mode"},"sceneLighting":true,"audioPlay":false,"sceneViewState":{"m_AlwaysRefresh":false,"showFog":true,"showSkybox":true,"showFlares":true,"showImageEffects":true,"showParticleSystems":true,"showVisualEffectGraphs":true,"m_FxEnabled":false},"in2DMode":false,"pivot":{"x":-20.601545333862306,"y":1.801734447479248,"z":13.629935264587403},"rotation":{"x":0.05299018323421478,"y":-0.3151428699493408,"z":0.01956257037818432,"w":0.9491921663284302},"size":2.2551589012145998,"orthographic":false}