{"cameraMode":{"drawMode":0,"name":"Shaded","section":"Shading Mode"},"sceneLighting":true,"audioPlay":false,"sceneViewState":{"m_AlwaysRefresh":false,"showFog":true,"showSkybox":true,"showFlares":true,"showImageEffects":true,"showParticleSystems":true,"showVisualEffectGraphs":true,"m_FxEnabled":true},"in2DMode":false,"pivot":{"x":-14.567611694335938,"y":2.671703815460205,"z":1.8253618478775025},"rotation":{"x":-0.06919693201780319,"y":0.15568625926971436,"z":-0.009763101115822792,"w":-0.9857728481292725},"size":0.6583654880523682,"orthographic":false}