{"cameraMode":{"drawMode":0,"name":"Shaded","section":"Shading Mode"},"sceneLighting":true,"audioPlay":false,"sceneViewState":{"m_AlwaysRefresh":false,"showFog":true,"showSkybox":true,"showFlares":true,"showImageEffects":true,"showParticleSystems":true,"showVisualEffectGraphs":true,"m_FxEnabled":true},"in2DMode":false,"pivot":{"x":-13.600582122802735,"y":2.766827344894409,"z":-10.120759010314942},"rotation":{"x":0.016537953168153764,"y":0.02045677788555622,"z":0.0013662497512996197,"w":1.0002509355545045},"size":2.8780152797698976,"orthographic":false}