{"cameraMode":{"drawMode":0,"name":"Shaded","section":"Shading Mode"},"sceneLighting":true,"audioPlay":false,"sceneViewState":{"m_AlwaysRefresh":false,"showFog":true,"showSkybox":true,"showFlares":true,"showImageEffects":true,"showParticleSystems":true,"showVisualEffectGraphs":true,"m_FxEnabled":false},"in2DMode":false,"pivot":{"x":-10.318763732910157,"y":3.782620906829834,"z":13.944618225097657},"rotation":{"x":0.04747052863240242,"y":-0.6624108552932739,"z":0.045110732316970828,"w":0.7486581802368164},"size":2.3308393955230715,"orthographic":false}