{"cameraMode":{"drawMode":0,"name":"Shaded","section":"Shading Mode"},"sceneLighting":true,"audioPlay":false,"sceneViewState":{"m_AlwaysRefresh":false,"showFog":true,"showSkybox":true,"showFlares":true,"showImageEffects":true,"showParticleSystems":true,"showVisualEffectGraphs":true,"m_FxEnabled":false},"in2DMode":false,"pivot":{"x":-9.92731761932373,"y":3.4707589149475099,"z":-2.979184627532959},"rotation":{"x":-0.08932410925626755,"y":-0.0026487275026738645,"z":0.012341237626969815,"w":-0.9969550967216492},"size":2.761528730392456,"orthographic":false}