{"cameraMode":{"drawMode":0,"name":"Shaded","section":"Shading Mode"},"sceneLighting":true,"audioPlay":false,"sceneViewState":{"m_AlwaysRefresh":false,"showFog":true,"showSkybox":true,"showFlares":true,"showImageEffects":true,"showParticleSystems":true,"showVisualEffectGraphs":true,"m_FxEnabled":false},"in2DMode":false,"pivot":{"x":-16.434911727905275,"y":2.900033950805664,"z":12.991350173950196},"rotation":{"x":-0.0459127202630043,"y":0.7119336724281311,"z":-0.038187380880117419,"w":-0.7039514183998108},"size":1.2448042631149293,"orthographic":false}