{"cameraMode":{"drawMode":0,"name":"Shaded","section":"Shading Mode"},"sceneLighting":true,"audioPlay":false,"sceneViewState":{"m_AlwaysRefresh":false,"showFog":true,"showSkybox":true,"showFlares":true,"showImageEffects":true,"showParticleSystems":true,"showVisualEffectGraphs":true,"m_FxEnabled":true},"in2DMode":false,"pivot":{"x":-2.766441822052002,"y":2.4020285606384279,"z":2.6437203884124758},"rotation":{"x":-0.021788612008094789,"y":-0.8731546401977539,"z":0.040399130433797839,"w":-0.48589983582496645},"size":0.2361837774515152,"orthographic":false}