{"cameraMode":{"drawMode":0,"name":"Shaded","section":"Shading Mode"},"sceneLighting":true,"audioPlay":false,"sceneViewState":{"m_AlwaysRefresh":false,"showFog":true,"showSkybox":true,"showFlares":true,"showImageEffects":true,"showParticleSystems":true,"showVisualEffectGraphs":true,"m_FxEnabled":false},"in2DMode":false,"pivot":{"x":-12.061692237854004,"y":3.048877239227295,"z":0.0881294459104538},"rotation":{"x":-0.011256223544478417,"y":-1.001094102859497,"z":-0.035672418773174289,"w":-0.042228586971759799},"size":21.413429260253908,"orthographic":false}