{"cameraMode":{"drawMode":0,"name":"Shaded","section":"Shading Mode"},"sceneLighting":true,"audioPlay":false,"sceneViewState":{"m_AlwaysRefresh":false,"showFog":true,"showSkybox":true,"showFlares":true,"showImageEffects":true,"showParticleSystems":true,"showVisualEffectGraphs":true,"m_FxEnabled":true},"in2DMode":false,"pivot":{"x":-19.156713485717775,"y":-13.613516807556153,"z":2.495542526245117},"rotation":{"x":-0.06770574301481247,"y":-0.9193292260169983,"z":0.3428691327571869,"w":-0.18117491900920869},"size":15.194496154785157,"orthographic":false}