{"cameraMode":{"drawMode":0,"name":"Shaded","section":"Shading Mode"},"sceneLighting":true,"audioPlay":false,"sceneViewState":{"m_AlwaysRefresh":false,"showFog":true,"showSkybox":true,"showFlares":true,"showImageEffects":true,"showParticleSystems":true,"showVisualEffectGraphs":true,"m_FxEnabled":true},"in2DMode":false,"pivot":{"x":-1.3564717769622803,"y":-0.6643874645233154,"z":14.915289878845215},"rotation":{"x":0.12710216641426087,"y":-0.03168125078082085,"z":0.003903987817466259,"w":0.9914485216140747},"size":7.419759750366211,"orthographic":false}