{"cameraMode":{"drawMode":0,"name":"Shaded","section":"Shading Mode"},"sceneLighting":true,"audioPlay":false,"sceneViewState":{"m_AlwaysRefresh":false,"showFog":true,"showSkybox":true,"showFlares":true,"showImageEffects":true,"showParticleSystems":true,"showVisualEffectGraphs":true,"m_FxEnabled":true},"in2DMode":false,"pivot":{"x":-35.02747344970703,"y":0.16081440448760987,"z":50.01810836791992},"rotation":{"x":-0.004120830446481705,"y":0.9749187231063843,"z":0.01814056932926178,"w":0.22189949452877046},"size":1.032751441001892,"orthographic":false}