{"cameraMode":{"drawMode":0,"name":"Shaded","section":"Shading Mode"},"sceneLighting":true,"audioPlay":false,"sceneViewState":{"m_AlwaysRefresh":false,"showFog":true,"showSkybox":true,"showFlares":true,"showImageEffects":true,"showParticleSystems":true,"showVisualEffectGraphs":true,"m_FxEnabled":false},"in2DMode":false,"pivot":{"x":-25.580270767211915,"y":2.0957608222961427,"z":22.02906036376953},"rotation":{"x":0.23758336901664735,"y":-0.42883408069610598,"z":0.12751692533493043,"w":0.8644416332244873},"size":0.9049965143203735,"orthographic":false}