{"cameraMode":{"drawMode":0,"name":"Shaded","section":"Shading Mode"},"sceneLighting":true,"audioPlay":false,"sceneViewState":{"m_AlwaysRefresh":false,"showFog":true,"showSkybox":true,"showFlares":true,"showImageEffects":true,"showParticleSystems":true,"showVisualEffectGraphs":true,"m_FxEnabled":true},"in2DMode":false,"pivot":{"x":-5.9092888832092289,"y":2.7868196964263918,"z":-4.2219743728637699},"rotation":{"x":0.04073825478553772,"y":0.04494086652994156,"z":0.009283894672989846,"w":-0.9989243745803833},"size":0.1790212094783783,"orthographic":false}