{"cameraMode":{"drawMode":0,"name":"Shaded","section":"Shading Mode"},"sceneLighting":true,"audioPlay":false,"sceneViewState":{"m_AlwaysRefresh":false,"showFog":true,"showSkybox":true,"showFlares":true,"showImageEffects":true,"showParticleSystems":true,"showVisualEffectGraphs":true,"m_FxEnabled":true},"in2DMode":false,"pivot":{"x":-8.94106388092041,"y":2.7791731357574465,"z":-3.7321300506591799},"rotation":{"x":0.2105420082807541,"y":-0.24590976536273957,"z":0.054139282554388049,"w":0.9452962875366211},"size":0.7147143483161926,"orthographic":false}