{"cameraMode":{"drawMode":0,"name":"Shaded","section":"Shading Mode"},"sceneLighting":true,"audioPlay":false,"sceneViewState":{"m_AlwaysRefresh":false,"showFog":true,"showSkybox":true,"showFlares":true,"showImageEffects":true,"showParticleSystems":true,"showVisualEffectGraphs":true,"m_FxEnabled":true},"in2DMode":false,"pivot":{"x":-18.134170532226564,"y":4.365769386291504,"z":13.39791488647461},"rotation":{"x":0.0002354080497752875,"y":-0.9991014003753662,"z":0.04499513655900955,"w":0.008715750649571419},"size":0.8660253882408142,"orthographic":false}