{"cameraMode":{"drawMode":0,"name":"Shaded","section":"Shading Mode"},"sceneLighting":true,"audioPlay":false,"sceneViewState":{"m_AlwaysRefresh":false,"showFog":true,"showSkybox":true,"showFlares":true,"showImageEffects":true,"showParticleSystems":true,"showVisualEffectGraphs":true,"m_FxEnabled":false},"in2DMode":false,"pivot":{"x":-14.34132194519043,"y":-1.3511371612548829,"z":23.996721267700197},"rotation":{"x":0.11768162250518799,"y":0.11038287729024887,"z":-0.034945618361234668,"w":0.988823652267456},"size":9.973404884338379,"orthographic":false}