{"cameraMode":{"drawMode":0,"name":"Shaded","section":"Shading Mode"},"sceneLighting":true,"audioPlay":false,"sceneViewState":{"m_AlwaysRefresh":false,"showFog":true,"showSkybox":true,"showFlares":true,"showImageEffects":true,"showParticleSystems":true,"showVisualEffectGraphs":true,"m_FxEnabled":true},"in2DMode":false,"pivot":{"x":-2.7586557865142824,"y":3.0997562408447267,"z":2.8553988933563234},"rotation":{"x":0.1628526896238327,"y":-0.24708645045757295,"z":0.03895933926105499,"w":0.9557939171791077},"size":1.0447829961776734,"orthographic":false}