{"cameraMode":{"drawMode":0,"name":"Shaded","section":"Shading Mode"},"sceneLighting":true,"audioPlay":false,"sceneViewState":{"m_AlwaysRefresh":false,"showFog":true,"showSkybox":true,"showFlares":true,"showImageEffects":true,"showParticleSystems":true,"showVisualEffectGraphs":true,"m_FxEnabled":true},"in2DMode":false,"pivot":{"x":6.464039325714111,"y":-18.378021240234376,"z":-19.36799430847168},"rotation":{"x":-0.06115492805838585,"y":-0.9325618147850037,"z":0.18855078518390656,"w":-0.30236563086509707},"size":30.317171096801759,"orthographic":false}