{"cameraMode":{"drawMode":0,"name":"Shaded","section":"Shading Mode"},"sceneLighting":true,"audioPlay":false,"sceneViewState":{"m_AlwaysRefresh":false,"showFog":true,"showSkybox":true,"showFlares":true,"showImageEffects":true,"showParticleSystems":true,"showVisualEffectGraphs":true,"m_FxEnabled":true},"in2DMode":false,"pivot":{"x":-5.903048038482666,"y":1.9549691677093506,"z":-1.7839555740356446},"rotation":{"x":-0.022694313898682596,"y":0.9320812225341797,"z":-0.07161170244216919,"w":-0.3567711412906647},"size":0.22145956754684449,"orthographic":false}