{"cameraMode":{"drawMode":0,"name":"Shaded","section":"Shading Mode"},"sceneLighting":true,"audioPlay":false,"sceneViewState":{"m_AlwaysRefresh":false,"showFog":true,"showSkybox":true,"showFlares":true,"showImageEffects":true,"showParticleSystems":true,"showVisualEffectGraphs":true,"m_FxEnabled":false},"in2DMode":false,"pivot":{"x":-15.469131469726563,"y":2.5672969818115236,"z":-6.04048490524292},"rotation":{"x":0.06970082968473435,"y":0.20181356370449067,"z":-0.01568988896906376,"w":0.9781988859176636},"size":0.11125998198986054,"orthographic":false}