{"cameraMode":{"drawMode":0,"name":"Shaded","section":"Shading Mode"},"sceneLighting":true,"audioPlay":false,"sceneViewState":{"m_AlwaysRefresh":false,"showFog":true,"showSkybox":true,"showFlares":true,"showImageEffects":true,"showParticleSystems":true,"showVisualEffectGraphs":true,"m_FxEnabled":false},"in2DMode":false,"pivot":{"x":-16.178979873657228,"y":4.3084259033203129,"z":-3.448671817779541},"rotation":{"x":-0.08502484112977982,"y":-0.29687750339508059,"z":0.022657670080661775,"w":-0.9528043866157532},"size":0.8660253882408142,"orthographic":false}