{"cameraMode":{"drawMode":0,"name":"Shaded","section":"Shading Mode"},"sceneLighting":true,"audioPlay":false,"sceneViewState":{"m_AlwaysRefresh":false,"showFog":true,"showSkybox":true,"showFlares":true,"showImageEffects":true,"showParticleSystems":true,"showVisualEffectGraphs":true,"m_FxEnabled":false},"in2DMode":false,"pivot":{"x":-10.926304817199707,"y":3.1526739597320558,"z":0.9726539850234985},"rotation":{"x":0.02276964858174324,"y":-0.45564213395118716,"z":0.01682683825492859,"w":0.8916035890579224},"size":3.3139431476593019,"orthographic":false}