{"cameraMode":{"drawMode":0,"name":"Shaded","section":"Shading Mode"},"sceneLighting":true,"audioPlay":false,"sceneViewState":{"m_AlwaysRefresh":false,"showFog":true,"showSkybox":true,"showFlares":true,"showImageEffects":true,"showParticleSystems":true,"showVisualEffectGraphs":true,"m_FxEnabled":true},"in2DMode":false,"pivot":{"x":-1.820427656173706,"y":2.2282378673553469,"z":5.439314842224121},"rotation":{"x":0.15977001190185548,"y":0.024740681052207948,"z":-0.0040910751558840279,"w":0.9869146943092346},"size":2.598627805709839,"orthographic":false}