{"cameraMode":{"drawMode":0,"name":"Shaded","section":"Shading Mode"},"sceneLighting":true,"audioPlay":false,"sceneViewState":{"m_AlwaysRefresh":false,"showFog":true,"showSkybox":true,"showFlares":true,"showImageEffects":true,"showParticleSystems":true,"showVisualEffectGraphs":true,"m_FxEnabled":false},"in2DMode":false,"pivot":{"x":-21.827613830566408,"y":2.2675466537475588,"z":7.158912658691406},"rotation":{"x":-0.014943310990929604,"y":0.8659449219703674,"z":-0.027089938521385194,"w":-0.5015451908111572},"size":0.8660253882408142,"orthographic":false}