{"cameraMode":{"drawMode":0,"name":"Shaded","section":"Shading Mode"},"sceneLighting":true,"audioPlay":false,"sceneViewState":{"m_AlwaysRefresh":false,"showFog":true,"showSkybox":true,"showFlares":true,"showImageEffects":true,"showParticleSystems":true,"showVisualEffectGraphs":true,"m_FxEnabled":false},"in2DMode":false,"pivot":{"x":-15.381348609924317,"y":2.5651772022247316,"z":-5.351612567901611},"rotation":{"x":0.004740545060485601,"y":-0.25271961092948916,"z":0.003907795064151287,"w":-0.9686769843101502},"size":0.8660253882408142,"orthographic":false}