{"cameraMode":{"drawMode":0,"name":"Shaded","section":"Shading Mode"},"sceneLighting":true,"audioPlay":false,"sceneViewState":{"m_AlwaysRefresh":false,"showFog":true,"showSkybox":true,"showFlares":true,"showImageEffects":true,"showParticleSystems":true,"showVisualEffectGraphs":true,"m_FxEnabled":true},"in2DMode":false,"pivot":{"x":-28.663816452026368,"y":2.6193900108337404,"z":20.403282165527345},"rotation":{"x":-0.05025438591837883,"y":-0.4344349503517151,"z":0.02707280032336712,"w":-0.9002957344055176},"size":0.6560525894165039,"orthographic":false}