{"cameraMode":{"drawMode":0,"name":"Shaded","section":"Shading Mode"},"sceneLighting":true,"audioPlay":false,"sceneViewState":{"m_AlwaysRefresh":false,"showFog":true,"showSkybox":true,"showFlares":true,"showImageEffects":true,"showParticleSystems":true,"showVisualEffectGraphs":true,"m_FxEnabled":true},"in2DMode":false,"pivot":{"x":-21.64996337890625,"y":-5.550561904907227,"z":-10.741758346557618},"rotation":{"x":0.028543483465909959,"y":0.9794167876243591,"z":-0.17263516783714295,"w":0.11016276478767395},"size":5.876074314117432,"orthographic":false}