{"cameraMode":{"drawMode":0,"name":"Shaded","section":"Shading Mode"},"sceneLighting":true,"audioPlay":false,"sceneViewState":{"m_AlwaysRefresh":false,"showFog":true,"showSkybox":true,"showFlares":true,"showImageEffects":true,"showParticleSystems":true,"showVisualEffectGraphs":true,"m_FxEnabled":false},"in2DMode":false,"pivot":{"x":-17.675670623779298,"y":3.633239269256592,"z":10.979940414428711},"rotation":{"x":0.022861365228891374,"y":0.9719271659851074,"z":-0.08340863883495331,"w":0.2269015908241272},"size":0.8660253882408142,"orthographic":false}