{"cameraMode":{"drawMode":0,"name":"Shaded","section":"Shading Mode"},"sceneLighting":true,"audioPlay":false,"sceneViewState":{"m_AlwaysRefresh":false,"showFog":true,"showSkybox":true,"showFlares":true,"showImageEffects":true,"showParticleSystems":true,"showVisualEffectGraphs":true,"m_FxEnabled":true},"in2DMode":false,"pivot":{"x":-3.992400884628296,"y":2.0981268882751467,"z":12.445945739746094},"rotation":{"x":-0.0034154197201132776,"y":-0.9930540323257446,"z":0.11972125619649887,"w":-0.021397007629275323},"size":0.5991803407669067,"orthographic":false}