{"cameraMode":{"drawMode":0,"name":"Shaded","section":"Shading Mode"},"sceneLighting":true,"audioPlay":false,"sceneViewState":{"m_AlwaysRefresh":false,"showFog":true,"showSkybox":true,"showFlares":true,"showImageEffects":true,"showParticleSystems":true,"showVisualEffectGraphs":true,"m_FxEnabled":false},"in2DMode":false,"pivot":{"x":-16.628530502319337,"y":2.64916729927063,"z":10.2010498046875},"rotation":{"x":0.017737064510583879,"y":0.9462957978248596,"z":-0.0074725160375237469,"w":0.3288762867450714},"size":0.8660253882408142,"orthographic":false}