{"cameraMode":{"drawMode":0,"name":"Shaded","section":"Shading Mode"},"sceneLighting":true,"audioPlay":false,"sceneViewState":{"m_AlwaysRefresh":false,"showFog":true,"showSkybox":true,"showFlares":true,"showImageEffects":true,"showParticleSystems":true,"showVisualEffectGraphs":true,"m_FxEnabled":true},"in2DMode":false,"pivot":{"x":-27.112531661987306,"y":3.1484880447387697,"z":-9.328542709350586},"rotation":{"x":-0.020864032208919526,"y":-0.9750139713287354,"z":0.13308006525039674,"w":-0.17981532216072083},"size":0.5211570858955383,"orthographic":false}