{"cameraMode":{"drawMode":0,"name":"Shaded","section":"Shading Mode"},"sceneLighting":true,"audioPlay":false,"sceneViewState":{"m_AlwaysRefresh":false,"showFog":true,"showSkybox":true,"showFlares":true,"showImageEffects":true,"showParticleSystems":true,"showVisualEffectGraphs":true,"m_FxEnabled":true},"in2DMode":false,"pivot":{"x":7.9468536376953129,"y":-30.287338256835939,"z":154.80386352539063},"rotation":{"x":0.18120123445987702,"y":-0.3878692388534546,"z":0.0756690502166748,"w":0.9018860459327698},"size":127.81023406982422,"orthographic":false}