{"cameraMode":{"drawMode":0,"name":"Shaded","section":"Shading Mode"},"sceneLighting":true,"audioPlay":false,"sceneViewState":{"m_AlwaysRefresh":false,"showFog":true,"showSkybox":true,"showFlares":true,"showImageEffects":true,"showParticleSystems":true,"showVisualEffectGraphs":true,"m_FxEnabled":true},"in2DMode":false,"pivot":{"x":-15.647603988647461,"y":2.078927993774414,"z":4.912922382354736},"rotation":{"x":-0.02053149975836277,"y":-0.8669559359550476,"z":0.021084437146782876,"w":-0.4992946982383728},"size":0.38118112087249758,"orthographic":false}