{"cameraMode":{"drawMode":0,"name":"Shaded","section":"Shading Mode"},"sceneLighting":true,"audioPlay":false,"sceneViewState":{"m_AlwaysRefresh":false,"showFog":true,"showSkybox":true,"showFlares":true,"showImageEffects":true,"showParticleSystems":true,"showVisualEffectGraphs":true,"m_FxEnabled":true},"in2DMode":false,"pivot":{"x":-5.514254093170166,"y":2.757093667984009,"z":-5.798097610473633},"rotation":{"x":0.10228683054447174,"y":-0.34469231963157656,"z":0.043069396167993548,"w":0.9332908987998962},"size":0.8660253882408142,"orthographic":false}