{"cameraMode":{"drawMode":0,"name":"Shaded","section":"Shading Mode"},"sceneLighting":true,"audioPlay":false,"sceneViewState":{"m_AlwaysRefresh":false,"showFog":true,"showSkybox":true,"showFlares":true,"showImageEffects":true,"showParticleSystems":true,"showVisualEffectGraphs":true,"m_FxEnabled":false},"in2DMode":false,"pivot":{"x":-11.886258125305176,"y":2.3097832202911379,"z":3.4574739933013918},"rotation":{"x":0.0385468415915966,"y":0.8641001582145691,"z":-0.06194242462515831,"w":0.5003821849822998},"size":2.6240415573120119,"orthographic":false}