{"cameraMode":{"drawMode":0,"name":"Shaded","section":"Shading Mode"},"sceneLighting":true,"audioPlay":false,"sceneViewState":{"m_AlwaysRefresh":false,"showFog":true,"showSkybox":true,"showFlares":true,"showImageEffects":true,"showParticleSystems":true,"showVisualEffectGraphs":true,"m_FxEnabled":false},"in2DMode":false,"pivot":{"x":-16.269939422607423,"y":2.758817434310913,"z":7.614259719848633},"rotation":{"x":-0.015970567241311075,"y":-0.9275249242782593,"z":0.013889352791011334,"w":-0.37842729687690737},"size":0.8660253882408142,"orthographic":false}