{"cameraMode":{"drawMode":0,"name":"Shaded","section":"Shading Mode"},"sceneLighting":true,"audioPlay":false,"sceneViewState":{"m_AlwaysRefresh":false,"showFog":true,"showSkybox":true,"showFlares":true,"showImageEffects":true,"showParticleSystems":true,"showVisualEffectGraphs":true,"m_FxEnabled":true},"in2DMode":false,"pivot":{"x":-36.96992492675781,"y":0.9703760743141174,"z":-42.426856994628909},"rotation":{"x":-0.0026728659868240358,"y":-0.9963473677635193,"z":0.07581973820924759,"w":-0.049101077020168307},"size":0.6583654880523682,"orthographic":false}