{"cameraMode":{"drawMode":0,"name":"Shaded","section":"Shading Mode"},"sceneLighting":true,"audioPlay":false,"sceneViewState":{"m_AlwaysRefresh":false,"showFog":true,"showSkybox":true,"showFlares":true,"showImageEffects":true,"showParticleSystems":true,"showVisualEffectGraphs":true,"m_FxEnabled":false},"in2DMode":false,"pivot":{"x":-18.473243713378908,"y":2.330207347869873,"z":11.66927719116211},"rotation":{"x":-0.027165137231349946,"y":0.7038246393203735,"z":-0.018569577485322954,"w":-0.7137889862060547},"size":1.2448042631149293,"orthographic":false}