{"cameraMode":{"drawMode":0,"name":"Shaded","section":"Shading Mode"},"sceneLighting":true,"audioPlay":false,"sceneViewState":{"m_AlwaysRefresh":false,"showFog":true,"showSkybox":true,"showFlares":true,"showImageEffects":true,"showParticleSystems":true,"showVisualEffectGraphs":true,"m_FxEnabled":true},"in2DMode":false,"pivot":{"x":-3.4413669109344484,"y":2.0285277366638185,"z":11.260958671569825},"rotation":{"x":0.0069752843119204048,"y":0.9960350394248962,"z":0.009738822467625142,"w":0.09784842282533646},"size":0.38118112087249758,"orthographic":false}