{"cameraMode":{"drawMode":0,"name":"Shaded","section":"Shading Mode"},"sceneLighting":true,"audioPlay":false,"sceneViewState":{"m_AlwaysRefresh":false,"showFog":true,"showSkybox":true,"showFlares":true,"showImageEffects":true,"showParticleSystems":true,"showVisualEffectGraphs":true,"m_FxEnabled":false},"in2DMode":false,"pivot":{"x":-11.551774024963379,"y":3.488325595855713,"z":-4.640995979309082},"rotation":{"x":-0.034797124564647678,"y":0.6506038904190064,"z":-0.0022795035038143398,"w":-0.7618919610977173},"size":4.515960693359375,"orthographic":false}