{"cameraMode":{"drawMode":0,"name":"Shaded","section":"Shading Mode"},"sceneLighting":true,"audioPlay":false,"sceneViewState":{"m_AlwaysRefresh":false,"showFog":true,"showSkybox":true,"showFlares":true,"showImageEffects":true,"showParticleSystems":true,"showVisualEffectGraphs":true,"m_FxEnabled":true},"in2DMode":false,"pivot":{"x":-9.207576751708985,"y":2.8325891494750978,"z":1.4329259395599366},"rotation":{"x":0.04677197337150574,"y":0.6234894394874573,"z":-0.037529490888118747,"w":0.7796329259872437},"size":2.598627805709839,"orthographic":false}