{"cameraMode":{"drawMode":0,"name":"Shaded","section":"Shading Mode"},"sceneLighting":true,"audioPlay":false,"sceneViewState":{"m_AlwaysRefresh":false,"showFog":true,"showSkybox":true,"showFlares":true,"showImageEffects":true,"showParticleSystems":true,"showVisualEffectGraphs":true,"m_FxEnabled":true},"in2DMode":false,"pivot":{"x":-23.155370712280275,"y":2.0623834133148195,"z":20.0266170501709},"rotation":{"x":0.025744954124093057,"y":-0.4955260455608368,"z":0.01549984235316515,"w":0.8699178099632263},"size":1.2310435771942139,"orthographic":false}