{"cameraMode":{"drawMode":0,"name":"Shaded","section":"Shading Mode"},"sceneLighting":true,"audioPlay":false,"sceneViewState":{"m_AlwaysRefresh":false,"showFog":true,"showSkybox":true,"showFlares":true,"showImageEffects":true,"showParticleSystems":true,"showVisualEffectGraphs":true,"m_FxEnabled":false},"in2DMode":false,"pivot":{"x":-13.503808975219727,"y":3.384680986404419,"z":2.2269952297210695},"rotation":{"x":0.06920880824327469,"y":-0.9134417772293091,"z":-0.13593140244483949,"w":-0.3863389492034912},"size":1.1785410642623902,"orthographic":false}