{"cameraMode":{"drawMode":0,"name":"Shaded","section":"Shading Mode"},"sceneLighting":true,"audioPlay":false,"sceneViewState":{"m_AlwaysRefresh":false,"showFog":true,"showSkybox":true,"showFlares":true,"showImageEffects":true,"showParticleSystems":true,"showVisualEffectGraphs":true,"m_FxEnabled":true},"in2DMode":false,"pivot":{"x":-1.3996772766113282,"y":2.1743969917297365,"z":-9.760759353637696},"rotation":{"x":0.057920269668102267,"y":-0.8766767382621765,"z":0.10991086810827255,"w":0.46583491563796999},"size":1.3005731105804444,"orthographic":false}