{"cameraMode":{"drawMode":0,"name":"Shaded","section":"Shading Mode"},"sceneLighting":true,"audioPlay":false,"sceneViewState":{"m_AlwaysRefresh":false,"showFog":true,"showSkybox":true,"showFlares":true,"showImageEffects":true,"showParticleSystems":true,"showVisualEffectGraphs":true,"m_FxEnabled":false},"in2DMode":false,"pivot":{"x":-16.461261749267579,"y":2.5102286338806154,"z":11.321370124816895},"rotation":{"x":-0.018713098019361497,"y":0.7987696528434753,"z":-0.015148565173149109,"w":-0.6061269640922546},"size":1.2448042631149293,"orthographic":false}