{"cameraMode":{"drawMode":0,"name":"Shaded","section":"Shading Mode"},"sceneLighting":true,"audioPlay":false,"sceneViewState":{"m_AlwaysRefresh":false,"showFog":true,"showSkybox":true,"showFlares":true,"showImageEffects":true,"showParticleSystems":true,"showVisualEffectGraphs":true,"m_FxEnabled":false},"in2DMode":false,"pivot":{"x":-61.339115142822269,"y":2.4735522270202638,"z":-0.7950149178504944},"rotation":{"x":-0.005709758494049311,"y":-0.8317335844039917,"z":0.0031362520530819895,"w":0.5598665475845337},"size":21.413429260253908,"orthographic":false}