{"cameraMode":{"drawMode":0,"name":"Shaded","section":"Shading Mode"},"sceneLighting":true,"audioPlay":false,"sceneViewState":{"m_AlwaysRefresh":false,"showFog":true,"showSkybox":true,"showFlares":true,"showImageEffects":true,"showParticleSystems":true,"showVisualEffectGraphs":true,"m_FxEnabled":true},"in2DMode":false,"pivot":{"x":-0.03826165199279785,"y":-2.5305237770080568,"z":10.910468101501465},"rotation":{"x":0.28717711567878725,"y":0.08480938524007797,"z":-0.028739433735609056,"w":0.9546267986297607},"size":4.23567008972168,"orthographic":false}