{"cameraMode":{"drawMode":0,"name":"Shaded","section":"Shading Mode"},"sceneLighting":true,"audioPlay":false,"sceneViewState":{"m_AlwaysRefresh":false,"showFog":true,"showSkybox":true,"showFlares":true,"showImageEffects":true,"showParticleSystems":true,"showVisualEffectGraphs":true,"m_FxEnabled":true},"in2DMode":false,"pivot":{"x":-6.198320388793945,"y":2.868239164352417,"z":-16.6994686126709},"rotation":{"x":0.0003739600069820881,"y":-0.9989039301872253,"z":-0.05309624224901199,"w":0.004279270768165588},"size":0.8660253882408142,"orthographic":false}