{"cameraMode":{"drawMode":0,"name":"Shaded","section":"Shading Mode"},"sceneLighting":true,"audioPlay":false,"sceneViewState":{"m_AlwaysRefresh":false,"showFog":true,"showSkybox":true,"showFlares":true,"showImageEffects":true,"showParticleSystems":true,"showVisualEffectGraphs":true,"m_FxEnabled":false},"in2DMode":false,"pivot":{"x":-12.47830581665039,"y":2.666513442993164,"z":-2.3780174255371095},"rotation":{"x":0.004007392562925816,"y":0.7660694122314453,"z":0.004161460790783167,"w":0.6446974873542786},"size":2.0036518573760988,"orthographic":false}