{"cameraMode":{"drawMode":0,"name":"Shaded","section":"Shading Mode"},"sceneLighting":true,"audioPlay":false,"sceneViewState":{"m_AlwaysRefresh":false,"showFog":true,"showSkybox":true,"showFlares":true,"showImageEffects":true,"showParticleSystems":true,"showVisualEffectGraphs":true,"m_FxEnabled":true},"in2DMode":false,"pivot":{"x":-5.892124652862549,"y":2.5573177337646486,"z":-6.626811504364014},"rotation":{"x":0.08808919787406922,"y":0.5219025015830994,"z":-0.05462150648236275,"w":0.8469827771186829},"size":0.47852545976638796,"orthographic":false}