{"cameraMode":{"drawMode":0,"name":"Shaded","section":"Shading Mode"},"sceneLighting":true,"audioPlay":false,"sceneViewState":{"m_AlwaysRefresh":false,"showFog":true,"showSkybox":true,"showFlares":true,"showImageEffects":true,"showParticleSystems":true,"showVisualEffectGraphs":true,"m_FxEnabled":true},"in2DMode":false,"pivot":{"x":-12.62105941772461,"y":-1.8910002708435059,"z":11.07287883758545},"rotation":{"x":0.12746694684028626,"y":-0.0098385289311409,"z":0.0014203755417838693,"w":0.9918845891952515},"size":9.476665496826172,"orthographic":false}