{"cameraMode":{"drawMode":0,"name":"Shaded","section":"Shading Mode"},"sceneLighting":true,"audioPlay":false,"sceneViewState":{"m_AlwaysRefresh":false,"showFog":true,"showSkybox":true,"showFlares":true,"showImageEffects":true,"showParticleSystems":true,"showVisualEffectGraphs":true,"m_FxEnabled":true},"in2DMode":false,"pivot":{"x":-4.952713966369629,"y":3.704793691635132,"z":-4.497183799743652},"rotation":{"x":0.07966109365224838,"y":-0.25058814883232119,"z":0.021615875884890558,"w":0.9662263989448547},"size":0.4461822509765625,"orthographic":false}