{"cameraMode":{"drawMode":0,"name":"Shaded","section":"Shading Mode"},"sceneLighting":true,"audioPlay":false,"sceneViewState":{"m_AlwaysRefresh":false,"showFog":true,"showSkybox":true,"showFlares":true,"showImageEffects":true,"showParticleSystems":true,"showVisualEffectGraphs":true,"m_FxEnabled":true},"in2DMode":false,"pivot":{"x":-18.666955947875978,"y":1.2010136842727662,"z":18.29207992553711},"rotation":{"x":-0.04451512545347214,"y":0.13744883239269257,"z":-0.006844237446784973,"w":-0.9909240007400513},"size":9.434555053710938,"orthographic":false}