{"cameraMode":{"drawMode":0,"name":"Shaded","section":"Shading Mode"},"sceneLighting":true,"audioPlay":false,"sceneViewState":{"m_AlwaysRefresh":false,"showFog":true,"showSkybox":true,"showFlares":true,"showImageEffects":true,"showParticleSystems":true,"showVisualEffectGraphs":true,"m_FxEnabled":true},"in2DMode":false,"pivot":{"x":-15.884660720825196,"y":2.2243432998657228,"z":-5.033194541931152},"rotation":{"x":-0.02817595563828945,"y":-0.24622374773025514,"z":-0.001195066492073238,"w":-0.9697399735450745},"size":1.048742651939392,"orthographic":false}