{"cameraMode":{"drawMode":0,"name":"Shaded","section":"Shading Mode"},"sceneLighting":true,"audioPlay":false,"sceneViewState":{"m_AlwaysRefresh":false,"showFog":true,"showSkybox":true,"showFlares":true,"showImageEffects":true,"showParticleSystems":true,"showVisualEffectGraphs":true,"m_FxEnabled":false},"in2DMode":false,"pivot":{"x":-18.955015182495118,"y":4.6697001457214359,"z":33.24571228027344},"rotation":{"x":0.021898798644542695,"y":-0.9902446866035461,"z":-0.0994168072938919,"w":-0.12558892369270326},"size":6.901190757751465,"orthographic":false}