{"cameraMode":{"drawMode":0,"name":"Shaded","section":"Shading Mode"},"sceneLighting":true,"audioPlay":false,"sceneViewState":{"m_AlwaysRefresh":false,"showFog":true,"showSkybox":true,"showFlares":true,"showImageEffects":true,"showParticleSystems":true,"showVisualEffectGraphs":true,"m_FxEnabled":false},"in2DMode":false,"pivot":{"x":-11.863856315612793,"y":1.8724459409713746,"z":1.3840771913528443},"rotation":{"x":0.04157739877700806,"y":0.25124579668045046,"z":-0.016784392297267915,"w":0.9685018062591553},"size":4.721279144287109,"orthographic":false}