{"cameraMode":{"drawMode":0,"name":"Shaded","section":"Shading Mode"},"sceneLighting":true,"audioPlay":false,"sceneViewState":{"m_AlwaysRefresh":false,"showFog":true,"showSkybox":true,"showFlares":true,"showImageEffects":true,"showParticleSystems":true,"showVisualEffectGraphs":true,"m_FxEnabled":false},"in2DMode":false,"pivot":{"x":-15.608135223388672,"y":2.799640655517578,"z":5.848822593688965},"rotation":{"x":-0.014701087027788163,"y":-0.9793240427970886,"z":0.04539791867136955,"w":-0.2050725817680359},"size":1.3905105590820313,"orthographic":false}