{"cameraMode":{"drawMode":0,"name":"Shaded","section":"Shading Mode"},"sceneLighting":true,"audioPlay":false,"sceneViewState":{"m_AlwaysRefresh":false,"showFog":true,"showSkybox":true,"showFlares":true,"showImageEffects":true,"showParticleSystems":true,"showVisualEffectGraphs":true,"m_FxEnabled":true},"in2DMode":false,"pivot":{"x":-1.3992878198623658,"y":3.1434550285339357,"z":1.8721685409545899},"rotation":{"x":-0.14063479006290437,"y":0.03189931437373161,"z":-0.0010158007498830557,"w":-0.9900656938552856},"size":0.03790340572595596,"orthographic":false}