{"cameraMode":{"drawMode":0,"name":"Shaded","section":"Shading Mode"},"sceneLighting":true,"audioPlay":false,"sceneViewState":{"m_AlwaysRefresh":false,"showFog":true,"showSkybox":true,"showFlares":true,"showImageEffects":true,"showParticleSystems":true,"showVisualEffectGraphs":true,"m_FxEnabled":false},"in2DMode":false,"pivot":{"x":7.9904704093933109,"y":-2.1192309856414797,"z":39.98517990112305},"rotation":{"x":-0.07579226046800614,"y":-0.15033093094825746,"z":0.007331565488129854,"w":-0.9883207082748413},"size":23.67013931274414,"orthographic":false}