{"cameraMode":{"drawMode":0,"name":"Shaded","section":"Shading Mode"},"sceneLighting":true,"audioPlay":false,"sceneViewState":{"m_AlwaysRefresh":false,"showFog":true,"showSkybox":true,"showFlares":true,"showImageEffects":true,"showParticleSystems":true,"showVisualEffectGraphs":true,"m_FxEnabled":false},"in2DMode":false,"pivot":{"x":-2.65077805519104,"y":2.2778408527374269,"z":-2.136093854904175},"rotation":{"x":-0.0020430891308933498,"y":-0.9977556467056274,"z":0.028203453868627549,"w":0.08434100449085236},"size":1.3905105590820313,"orthographic":false}