{"cameraMode":{"drawMode":0,"name":"Shaded","section":"Shading Mode"},"sceneLighting":true,"audioPlay":false,"sceneViewState":{"m_AlwaysRefresh":false,"showFog":true,"showSkybox":true,"showFlares":true,"showImageEffects":true,"showParticleSystems":true,"showVisualEffectGraphs":true,"m_FxEnabled":false},"in2DMode":false,"pivot":{"x":5.570263385772705,"y":2.38280987739563,"z":12.116890907287598},"rotation":{"x":-0.012460306286811829,"y":-0.9629949927330017,"z":0.09397518634796143,"w":-0.26445022225379946},"size":1.2448042631149293,"orthographic":false}