{"cameraMode":{"drawMode":0,"name":"Shaded","section":"Shading Mode"},"sceneLighting":true,"audioPlay":false,"sceneViewState":{"m_AlwaysRefresh":false,"showFog":true,"showSkybox":true,"showFlares":true,"showImageEffects":true,"showParticleSystems":true,"showVisualEffectGraphs":true,"m_FxEnabled":true},"in2DMode":false,"pivot":{"x":-0.14359235763549806,"y":2.6784355640411379,"z":-7.603526592254639},"rotation":{"x":-0.03726736828684807,"y":0.8943139910697937,"z":-0.07688399404287338,"w":-0.44040727615356448},"size":0.8660253882408142,"orthographic":false}