{"cameraMode":{"drawMode":0,"name":"Shaded","section":"Shading Mode"},"sceneLighting":true,"audioPlay":false,"sceneViewState":{"m_AlwaysRefresh":false,"showFog":true,"showSkybox":true,"showFlares":true,"showImageEffects":true,"showParticleSystems":true,"showVisualEffectGraphs":true,"m_FxEnabled":false},"in2DMode":false,"pivot":{"x":-3.3370141983032228,"y":-0.15479230880737306,"z":0.6548070907592773},"rotation":{"x":-0.013998612761497498,"y":-0.9097136855125427,"z":0.08201756328344345,"w":-0.41293996572494509},"size":9.973404884338379,"orthographic":false}