{"cameraMode":{"drawMode":0,"name":"Shaded","section":"Shading Mode"},"sceneLighting":true,"audioPlay":false,"sceneViewState":{"m_AlwaysRefresh":false,"showFog":true,"showSkybox":true,"showFlares":true,"showImageEffects":true,"showParticleSystems":true,"showVisualEffectGraphs":true,"m_FxEnabled":true},"in2DMode":false,"pivot":{"x":-5.70490837097168,"y":3.373567581176758,"z":-1.1579604148864747},"rotation":{"x":0.1700129359960556,"y":-0.044780515134334567,"z":0.007546032313257456,"w":0.9844831228256226},"size":1.9000310897827149,"orthographic":false}