{"cameraMode":{"drawMode":0,"name":"Shaded","section":"Shading Mode"},"sceneLighting":true,"audioPlay":false,"sceneViewState":{"m_AlwaysRefresh":false,"showFog":true,"showSkybox":true,"showFlares":true,"showImageEffects":true,"showParticleSystems":true,"showVisualEffectGraphs":true,"m_FxEnabled":true},"in2DMode":false,"pivot":{"x":-35.42893600463867,"y":-0.14775744080543519,"z":-41.59540939331055},"rotation":{"x":0.005134983453899622,"y":-0.9942725896835327,"z":0.06428298354148865,"w":0.09062347561120987},"size":0.5991803407669067,"orthographic":false}