{"cameraMode":{"drawMode":0,"name":"Shaded","section":"Shading Mode"},"sceneLighting":true,"audioPlay":false,"sceneViewState":{"m_AlwaysRefresh":false,"showFog":true,"showSkybox":true,"showFlares":true,"showImageEffects":true,"showParticleSystems":true,"showVisualEffectGraphs":true,"m_FxEnabled":true},"in2DMode":false,"pivot":{"x":-25.189067840576173,"y":-0.3411940336227417,"z":3.4647297859191896},"rotation":{"x":-0.02778654731810093,"y":-0.8416886925697327,"z":-0.04451897367835045,"w":0.5376350283622742},"size":5.105179309844971,"orthographic":false}