{"cameraMode":{"drawMode":0,"name":"Shaded","section":"Shading Mode"},"sceneLighting":true,"audioPlay":false,"sceneViewState":{"m_AlwaysRefresh":false,"showFog":true,"showSkybox":true,"showFlares":true,"showImageEffects":true,"showParticleSystems":true,"showVisualEffectGraphs":true,"m_FxEnabled":true},"in2DMode":false,"pivot":{"x":-14.984966278076172,"y":2.713392734527588,"z":3.135554790496826},"rotation":{"x":-0.012906817719340325,"y":-0.9228928089141846,"z":0.035272642970085147,"w":-0.38623109459877016},"size":0.8660253882408142,"orthographic":false}