{"cameraMode":{"drawMode":0,"name":"Shaded","section":"Shading Mode"},"sceneLighting":true,"audioPlay":false,"sceneViewState":{"m_AlwaysRefresh":false,"showFog":true,"showSkybox":true,"showFlares":true,"showImageEffects":true,"showParticleSystems":true,"showVisualEffectGraphs":true,"m_FxEnabled":false},"in2DMode":false,"pivot":{"x":-25.362247467041017,"y":1.3060643672943116,"z":52.320125579833987},"rotation":{"x":-0.006229443941265345,"y":0.9915980696678162,"z":-0.00941517949104309,"w":0.15202787518501283},"size":1.2448042631149293,"orthographic":false}