{"cameraMode":{"drawMode":0,"name":"Shaded","section":"Shading Mode"},"sceneLighting":true,"audioPlay":false,"sceneViewState":{"m_AlwaysRefresh":false,"showFog":true,"showSkybox":true,"showFlares":true,"showImageEffects":true,"showParticleSystems":true,"showVisualEffectGraphs":true,"m_FxEnabled":true},"in2DMode":false,"pivot":{"x":0.2833290696144104,"y":2.8340423107147219,"z":1.3484852313995362},"rotation":{"x":-0.22129979729652406,"y":-0.3019777238368988,"z":0.0723838210105896,"w":-0.9248729348182678},"size":0.6759456992149353,"orthographic":false}