{"cameraMode":{"drawMode":0,"name":"Shaded","section":"Shading Mode"},"sceneLighting":true,"audioPlay":false,"sceneViewState":{"m_AlwaysRefresh":false,"showFog":true,"showSkybox":true,"showFlares":true,"showImageEffects":true,"showParticleSystems":true,"showVisualEffectGraphs":true,"m_FxEnabled":false},"in2DMode":false,"pivot":{"x":-9.657541275024414,"y":2.0707287788391115,"z":-0.28867149353027346},"rotation":{"x":0.02907777950167656,"y":0.390618234872818,"z":-0.018399057909846307,"w":0.9216092824935913},"size":4.721279144287109,"orthographic":false}