{"cameraMode":{"drawMode":0,"name":"Shaded","section":"Shading Mode"},"sceneLighting":true,"audioPlay":false,"sceneViewState":{"m_AlwaysRefresh":false,"showFog":true,"showSkybox":true,"showFlares":true,"showImageEffects":true,"showParticleSystems":true,"showVisualEffectGraphs":true,"m_FxEnabled":false},"in2DMode":false,"pivot":{"x":-3.271435260772705,"y":3.1327338218688967,"z":41.19709014892578},"rotation":{"x":0.014122575521469117,"y":-0.9590422511100769,"z":0.051551707088947299,"w":0.2849310636520386},"size":8.850780487060547,"orthographic":false}