{"cameraMode":{"drawMode":0,"name":"Shaded","section":"Shading Mode"},"sceneLighting":true,"audioPlay":false,"sceneViewState":{"m_AlwaysRefresh":false,"showFog":true,"showSkybox":true,"showFlares":true,"showImageEffects":true,"showParticleSystems":true,"showVisualEffectGraphs":true,"m_FxEnabled":true},"in2DMode":false,"pivot":{"x":-13.389894485473633,"y":3.4540891647338869,"z":-1.412643313407898},"rotation":{"x":-0.20563681423664094,"y":-0.3136937618255615,"z":0.07050918787717819,"w":-0.9250035285949707},"size":0.8997371196746826,"orthographic":false}