{"cameraMode":{"drawMode":0,"name":"Shaded","section":"Shading Mode"},"sceneLighting":true,"audioPlay":false,"sceneViewState":{"m_AlwaysRefresh":false,"showFog":true,"showSkybox":true,"showFlares":true,"showImageEffects":true,"showParticleSystems":true,"showVisualEffectGraphs":true,"m_FxEnabled":false},"in2DMode":false,"pivot":{"x":-18.726238250732423,"y":2.554413318634033,"z":12.10358715057373},"rotation":{"x":-0.03622473403811455,"y":0.7144306302070618,"z":-0.024549638852477075,"w":-0.7025836110115051},"size":1.2448042631149293,"orthographic":false}