{"cameraMode":{"drawMode":0,"name":"Shaded","section":"Shading Mode"},"sceneLighting":true,"audioPlay":false,"sceneViewState":{"m_AlwaysRefresh":false,"showFog":true,"showSkybox":true,"showFlares":true,"showImageEffects":true,"showParticleSystems":true,"showVisualEffectGraphs":true,"m_FxEnabled":false},"in2DMode":false,"pivot":{"x":-21.504688262939454,"y":0.9009139537811279,"z":-12.121129989624024},"rotation":{"x":0.06446713209152222,"y":0.8610369563102722,"z":-0.1603165566921234,"w":0.48345252871513369},"size":4.515960693359375,"orthographic":false}