{"cameraMode":{"drawMode":0,"name":"Shaded","section":"Shading Mode"},"sceneLighting":true,"audioPlay":false,"sceneViewState":{"m_AlwaysRefresh":false,"showFog":true,"showSkybox":true,"showFlares":true,"showImageEffects":true,"showParticleSystems":true,"showVisualEffectGraphs":true,"m_FxEnabled":true},"in2DMode":false,"pivot":{"x":-15.991011619567871,"y":3.7203099727630617,"z":-6.170501708984375},"rotation":{"x":0.14582136273384095,"y":0.3846836984157562,"z":-0.06169057637453079,"w":0.9093891382217407},"size":0.7231216430664063,"orthographic":false}