{"cameraMode":{"drawMode":0,"name":"Shaded","section":"Shading Mode"},"sceneLighting":true,"audioPlay":false,"sceneViewState":{"m_AlwaysRefresh":false,"showFog":true,"showSkybox":true,"showFlares":true,"showImageEffects":true,"showParticleSystems":true,"showVisualEffectGraphs":true,"m_FxEnabled":false},"in2DMode":false,"pivot":{"x":0.6513748168945313,"y":3.498377799987793,"z":-7.97473669052124},"rotation":{"x":0.005494207143783569,"y":0.8901191353797913,"z":-0.004929606802761555,"w":0.4594559967517853},"size":11.696578025817871,"orthographic":false}