{"cameraMode":{"drawMode":0,"name":"Shaded","section":"Shading Mode"},"sceneLighting":true,"audioPlay":false,"sceneViewState":{"m_AlwaysRefresh":false,"showFog":true,"showSkybox":true,"showFlares":true,"showImageEffects":true,"showParticleSystems":true,"showVisualEffectGraphs":true,"m_FxEnabled":true},"in2DMode":false,"pivot":{"x":16.593942642211915,"y":-2.2515203952789308,"z":-13.799567222595215},"rotation":{"x":-0.04849633574485779,"y":-0.8532220125198364,"z":0.08025132864713669,"w":-0.5131829977035523},"size":15.403568267822266,"orthographic":false}