{"cameraMode":{"drawMode":0,"name":"Shaded","section":"Shading Mode"},"sceneLighting":true,"audioPlay":false,"sceneViewState":{"m_AlwaysRefresh":false,"showFog":true,"showSkybox":true,"showFlares":true,"showImageEffects":true,"showParticleSystems":true,"showVisualEffectGraphs":true,"m_FxEnabled":true},"in2DMode":false,"pivot":{"x":-25.99863624572754,"y":-3.1716558933258058,"z":28.371301651000978},"rotation":{"x":0.3328359127044678,"y":0.00034538767067715526,"z":-0.0021380570251494648,"w":0.9439482092857361},"size":4.23567008972168,"orthographic":false}