{"cameraMode":{"drawMode":0,"name":"Shaded","section":"Shading Mode"},"sceneLighting":true,"audioPlay":false,"sceneViewState":{"m_AlwaysRefresh":false,"showFog":true,"showSkybox":true,"showFlares":true,"showImageEffects":true,"showParticleSystems":true,"showVisualEffectGraphs":true,"m_FxEnabled":false},"in2DMode":false,"pivot":{"x":-26.211488723754884,"y":2.4893643856048586,"z":-10.236059188842774},"rotation":{"x":-0.009702274575829506,"y":0.9871136546134949,"z":-0.09498865157365799,"w":-0.14157423377037049},"size":1.2987712621688843,"orthographic":false}