{"cameraMode":{"drawMode":0,"name":"Shaded","section":"Shading Mode"},"sceneLighting":true,"audioPlay":false,"sceneViewState":{"m_AlwaysRefresh":false,"showFog":true,"showSkybox":true,"showFlares":true,"showImageEffects":true,"showParticleSystems":true,"showVisualEffectGraphs":true,"m_FxEnabled":true},"in2DMode":false,"pivot":{"x":-23.8262882232666,"y":2.630422830581665,"z":20.28809356689453},"rotation":{"x":0.05711633339524269,"y":-0.45971405506134035,"z":0.026757368817925454,"w":0.8872435092926025},"size":0.6560525894165039,"orthographic":false}