{"cameraMode":{"drawMode":0,"name":"Shaded","section":"Shading Mode"},"sceneLighting":true,"audioPlay":false,"sceneViewState":{"m_AlwaysRefresh":false,"showFog":true,"showSkybox":true,"showFlares":true,"showImageEffects":true,"showParticleSystems":true,"showVisualEffectGraphs":true,"m_FxEnabled":false},"in2DMode":false,"pivot":{"x":-2.4440550804138185,"y":2.044431686401367,"z":15.895059585571289},"rotation":{"x":-0.21816878020763398,"y":-0.36987265944480898,"z":0.08673964440822602,"w":-0.902149498462677},"size":1.9958781003952027,"orthographic":false}