{"cameraMode":{"drawMode":0,"name":"Shaded","section":"Shading Mode"},"sceneLighting":true,"audioPlay":false,"sceneViewState":{"m_AlwaysRefresh":false,"showFog":true,"showSkybox":true,"showFlares":true,"showImageEffects":true,"showParticleSystems":true,"showVisualEffectGraphs":true,"m_FxEnabled":false},"in2DMode":false,"pivot":{"x":-6.815371990203857,"y":2.4254565238952638,"z":-4.428041934967041},"rotation":{"x":-0.007396179251372814,"y":0.42026838660240176,"z":-0.007606813218444586,"w":-0.9092240929603577},"size":1.3905105590820313,"orthographic":false}