{"cameraMode":{"drawMode":0,"name":"Shaded","section":"Shading Mode"},"sceneLighting":true,"audioPlay":false,"sceneViewState":{"m_AlwaysRefresh":false,"showFog":true,"showSkybox":true,"showFlares":true,"showImageEffects":true,"showParticleSystems":true,"showVisualEffectGraphs":true,"m_FxEnabled":true},"in2DMode":false,"pivot":{"x":-31.467548370361329,"y":2.312357187271118,"z":-39.74690246582031},"rotation":{"x":0.0007113846368156374,"y":0.9874035120010376,"z":-0.0044451067224144939,"w":0.1596025824546814},"size":8.975362777709961,"orthographic":false}