{"cameraMode":{"drawMode":0,"name":"Shaded","section":"Shading Mode"},"sceneLighting":true,"audioPlay":false,"sceneViewState":{"m_AlwaysRefresh":false,"showFog":true,"showSkybox":true,"showFlares":true,"showImageEffects":true,"showParticleSystems":true,"showVisualEffectGraphs":true,"m_FxEnabled":true},"in2DMode":false,"pivot":{"x":-3.9911952018737795,"y":2.321967840194702,"z":-5.895246505737305},"rotation":{"x":-0.029285432770848275,"y":0.8901641964912415,"z":-0.059135470539331439,"w":-0.45208996534347536},"size":3.087217092514038,"orthographic":false}