{"cameraMode":{"drawMode":0,"name":"Shaded","section":"Shading Mode"},"sceneLighting":true,"audioPlay":false,"sceneViewState":{"m_AlwaysRefresh":false,"showFog":true,"showSkybox":true,"showFlares":true,"showImageEffects":true,"showParticleSystems":true,"showVisualEffectGraphs":true,"m_FxEnabled":true},"in2DMode":false,"pivot":{"x":-26.602502822875978,"y":2.440126895904541,"z":18.925426483154298},"rotation":{"x":0.07985860854387284,"y":0.8930826187133789,"z":-0.40687453746795657,"w":0.17514851689338685},"size":4.385380268096924,"orthographic":false}