{"cameraMode":{"drawMode":0,"name":"Shaded","section":"Shading Mode"},"sceneLighting":true,"audioPlay":false,"sceneViewState":{"m_AlwaysRefresh":false,"showFog":true,"showSkybox":true,"showFlares":true,"showImageEffects":true,"showParticleSystems":true,"showVisualEffectGraphs":true,"m_FxEnabled":true},"in2DMode":false,"pivot":{"x":-19.97298812866211,"y":2.827904224395752,"z":14.034860610961914},"rotation":{"x":-0.006034091114997864,"y":-0.9668914675712586,"z":0.02477850206196308,"w":-0.25429266691207888},"size":0.8715006113052368,"orthographic":false}