{"cameraMode":{"drawMode":0,"name":"Shaded","section":"Shading Mode"},"sceneLighting":true,"audioPlay":false,"sceneViewState":{"m_AlwaysRefresh":false,"showFog":true,"showSkybox":true,"showFlares":true,"showImageEffects":true,"showParticleSystems":true,"showVisualEffectGraphs":true,"m_FxEnabled":false},"in2DMode":false,"pivot":{"x":-18.449260711669923,"y":1.7183961868286133,"z":20.961912155151368},"rotation":{"x":-0.001522360253147781,"y":-0.1824951171875,"z":-0.0032162945717573168,"w":-0.9860633611679077},"size":3.4667835235595705,"orthographic":false}