{"cameraMode":{"drawMode":0,"name":"Shaded","section":"Shading Mode"},"sceneLighting":true,"audioPlay":false,"sceneViewState":{"m_AlwaysRefresh":false,"showFog":true,"showSkybox":true,"showFlares":true,"showImageEffects":true,"showParticleSystems":true,"showVisualEffectGraphs":true,"m_FxEnabled":true},"in2DMode":false,"pivot":{"x":-2.63667631149292,"y":2.9619390964508058,"z":1.5169291496276856},"rotation":{"x":-0.0912865698337555,"y":0.28006672859191897,"z":-0.024430330842733384,"w":-0.9566894769668579},"size":1.2327425479888917,"orthographic":false}