{"cameraMode":{"drawMode":0,"name":"Shaded","section":"Shading Mode"},"sceneLighting":true,"audioPlay":false,"sceneViewState":{"m_AlwaysRefresh":false,"showFog":true,"showSkybox":true,"showFlares":true,"showImageEffects":true,"showParticleSystems":true,"showVisualEffectGraphs":true,"m_FxEnabled":true},"in2DMode":false,"pivot":{"x":-7.589523792266846,"y":2.4879963397979738,"z":2.2255046367645265},"rotation":{"x":-0.10432244837284088,"y":0.2150798738002777,"z":-0.021049246191978456,"w":-0.9719677567481995},"size":2.034489631652832,"orthographic":false}