{"cameraMode":{"drawMode":0,"name":"Shaded","section":"Shading Mode"},"sceneLighting":true,"audioPlay":false,"sceneViewState":{"m_AlwaysRefresh":false,"showFog":true,"showSkybox":true,"showFlares":true,"showImageEffects":true,"showParticleSystems":true,"showVisualEffectGraphs":true,"m_FxEnabled":false},"in2DMode":false,"pivot":{"x":5.848913669586182,"y":2.850131034851074,"z":5.258856773376465},"rotation":{"x":-0.10139526426792145,"y":0.17182031273841859,"z":-0.009011521935462952,"w":-0.9833149909973145},"size":1.0221916437149048,"orthographic":false}