{"cameraMode":{"drawMode":0,"name":"Shaded","section":"Shading Mode"},"sceneLighting":true,"audioPlay":false,"sceneViewState":{"m_AlwaysRefresh":false,"showFog":true,"showSkybox":true,"showFlares":true,"showImageEffects":true,"showParticleSystems":true,"showVisualEffectGraphs":true,"m_FxEnabled":false},"in2DMode":false,"pivot":{"x":-22.088720321655275,"y":-3.8395543098449709,"z":4.417776584625244},"rotation":{"x":-0.003938014153391123,"y":-0.902578592300415,"z":0.001202012994326651,"w":0.4346468448638916},"size":2.3308393955230715,"orthographic":false}