{"cameraMode":{"drawMode":0,"name":"Shaded","section":"Shading Mode"},"sceneLighting":true,"audioPlay":false,"sceneViewState":{"m_AlwaysRefresh":false,"showFog":true,"showSkybox":true,"showFlares":true,"showImageEffects":true,"showParticleSystems":true,"showVisualEffectGraphs":true,"m_FxEnabled":false},"in2DMode":false,"pivot":{"x":-19.305614471435548,"y":3.158933639526367,"z":13.593528747558594},"rotation":{"x":-0.030555538833141328,"y":-0.9110066890716553,"z":0.06131301075220108,"w":-0.4109259843826294},"size":1.2987712621688843,"orthographic":false}