{"cameraMode":{"drawMode":0,"name":"Shaded","section":"Shading Mode"},"sceneLighting":true,"audioPlay":false,"sceneViewState":{"m_AlwaysRefresh":false,"showFog":true,"showSkybox":true,"showFlares":true,"showImageEffects":true,"showParticleSystems":true,"showVisualEffectGraphs":true,"m_FxEnabled":false},"in2DMode":false,"pivot":{"x":5.59010124206543,"y":1.9263073205947877,"z":11.285009384155274},"rotation":{"x":0.019644681364297868,"y":-0.9899610877037048,"z":0.04639878123998642,"w":0.1560327112674713},"size":0.17767125368118287,"orthographic":false}