{"cameraMode":{"drawMode":0,"name":"Shaded","section":"Shading Mode"},"sceneLighting":true,"audioPlay":false,"sceneViewState":{"m_AlwaysRefresh":false,"showFog":true,"showSkybox":true,"showFlares":true,"showImageEffects":true,"showParticleSystems":true,"showVisualEffectGraphs":true,"m_FxEnabled":true},"in2DMode":false,"pivot":{"x":-54.5731086730957,"y":0.48885950446128847,"z":39.30331802368164},"rotation":{"x":0.014729088172316552,"y":-0.4124390184879303,"z":0.006023661699146032,"w":0.9111954569816589},"size":27.931678771972658,"orthographic":false}