{"cameraMode":{"drawMode":0,"name":"Shaded","section":"Shading Mode"},"sceneLighting":true,"audioPlay":false,"sceneViewState":{"m_AlwaysRefresh":false,"showFog":true,"showSkybox":true,"showFlares":true,"showImageEffects":true,"showParticleSystems":true,"showVisualEffectGraphs":true,"m_FxEnabled":true},"in2DMode":false,"pivot":{"x":-15.08108139038086,"y":2.159619092941284,"z":16.15509605407715},"rotation":{"x":0.18841040134429933,"y":-0.15572838485240937,"z":0.030266841873526574,"w":0.9692124724388123},"size":0.5552820563316345,"orthographic":false}