{"cameraMode":{"drawMode":0,"name":"Shaded","section":"Shading Mode"},"sceneLighting":true,"audioPlay":false,"sceneViewState":{"m_AlwaysRefresh":false,"showFog":true,"showSkybox":true,"showFlares":true,"showImageEffects":true,"showParticleSystems":true,"showVisualEffectGraphs":true,"m_FxEnabled":true},"in2DMode":false,"pivot":{"x":-7.923222541809082,"y":2.142486572265625,"z":-3.1099605560302736},"rotation":{"x":-0.010542582720518113,"y":0.34868258237838747,"z":-0.0017785564996302128,"w":-0.9379187822341919},"size":2.9601998329162599,"orthographic":false}