{"cameraMode":{"drawMode":0,"name":"Shaded","section":"Shading Mode"},"sceneLighting":true,"audioPlay":false,"sceneViewState":{"m_AlwaysRefresh":false,"showFog":true,"showSkybox":true,"showFlares":true,"showImageEffects":true,"showParticleSystems":true,"showVisualEffectGraphs":true,"m_FxEnabled":true},"in2DMode":false,"pivot":{"x":2.9875564575195314,"y":-3.314077854156494,"z":229.11676025390626},"rotation":{"x":-0.012744286097586155,"y":-0.08686989545822144,"z":0.0024106744676828386,"w":-0.9966259598731995},"size":97.74250793457031,"orthographic":false}