{"cameraMode":{"drawMode":0,"name":"Shaded","section":"Shading Mode"},"sceneLighting":true,"audioPlay":false,"sceneViewState":{"m_AlwaysRefresh":false,"showFog":true,"showSkybox":true,"showFlares":true,"showImageEffects":true,"showParticleSystems":true,"showVisualEffectGraphs":true,"m_FxEnabled":true},"in2DMode":false,"pivot":{"x":6.4632248878479,"y":-2.864468574523926,"z":38.709197998046878},"rotation":{"x":0.061938464641571048,"y":0.05755195766687393,"z":0.0057694511488080029,"w":0.9973787665367127},"size":20.59246826171875,"orthographic":false}