{"cameraMode":{"drawMode":0,"name":"Shaded","section":"Shading Mode"},"sceneLighting":true,"audioPlay":false,"sceneViewState":{"m_AlwaysRefresh":false,"showFog":true,"showSkybox":true,"showFlares":true,"showImageEffects":true,"showParticleSystems":true,"showVisualEffectGraphs":true,"m_FxEnabled":true},"in2DMode":false,"pivot":{"x":-21.23501205444336,"y":4.83592414855957,"z":19.892065048217775},"rotation":{"x":0.038385290652513507,"y":-0.46722856163978579,"z":0.020458146929740907,"w":0.8832369446754456},"size":0.8660253882408142,"orthographic":false}