{"cameraMode":{"drawMode":0,"name":"Shaded","section":"Shading Mode"},"sceneLighting":true,"audioPlay":false,"sceneViewState":{"m_AlwaysRefresh":false,"showFog":true,"showSkybox":true,"showFlares":true,"showImageEffects":true,"showParticleSystems":true,"showVisualEffectGraphs":true,"m_FxEnabled":false},"in2DMode":false,"pivot":{"x":-2.6326658725738527,"y":2.8084616661071779,"z":-5.670614242553711},"rotation":{"x":-0.006445046979933977,"y":0.8644786477088928,"z":0.002142423763871193,"w":0.5057001709938049},"size":8.487049102783204,"orthographic":false}