{"cameraMode":{"drawMode":0,"name":"Shaded","section":"Shading Mode"},"sceneLighting":true,"audioPlay":false,"sceneViewState":{"m_AlwaysRefresh":false,"showFog":true,"showSkybox":true,"showFlares":true,"showImageEffects":true,"showParticleSystems":true,"showVisualEffectGraphs":true,"m_FxEnabled":false},"in2DMode":false,"pivot":{"x":-16.306617736816408,"y":2.4227006435394289,"z":8.517091751098633},"rotation":{"x":-0.023168930783867837,"y":-0.9530491232872009,"z":0.048700932413339618,"w":-0.3043828308582306},"size":0.8660253882408142,"orthographic":false}