{"cameraMode":{"drawMode":0,"name":"Shaded","section":"Shading Mode"},"sceneLighting":true,"audioPlay":false,"sceneViewState":{"m_AlwaysRefresh":false,"showFog":true,"showSkybox":true,"showFlares":true,"showImageEffects":true,"showParticleSystems":true,"showVisualEffectGraphs":true,"m_FxEnabled":false},"in2DMode":false,"pivot":{"x":-6.270139217376709,"y":4.4370927810668949,"z":-2.9243602752685549},"rotation":{"x":0.012509032152593136,"y":-0.16025444865226746,"z":-0.006414428353309631,"w":0.9899646043777466},"size":9.298181533813477,"orthographic":false}