{"cameraMode":{"drawMode":0,"name":"Shaded","section":"Shading Mode"},"sceneLighting":true,"audioPlay":false,"sceneViewState":{"m_AlwaysRefresh":false,"showFog":true,"showSkybox":true,"showFlares":true,"showImageEffects":true,"showParticleSystems":true,"showVisualEffectGraphs":true,"m_FxEnabled":true},"in2DMode":false,"pivot":{"x":-9.538605690002442,"y":1.328343152999878,"z":6.603323459625244},"rotation":{"x":-0.07281629741191864,"y":0.028145695105195047,"z":-0.0018426446476951242,"w":-0.9970418810844421},"size":7.040308952331543,"orthographic":false}