{"cameraMode":{"drawMode":0,"name":"Shaded","section":"Shading Mode"},"sceneLighting":true,"audioPlay":false,"sceneViewState":{"m_AlwaysRefresh":false,"showFog":true,"showSkybox":true,"showFlares":true,"showImageEffects":true,"showParticleSystems":true,"showVisualEffectGraphs":true,"m_FxEnabled":true},"in2DMode":false,"pivot":{"x":-18.230127334594728,"y":3.70001220703125,"z":37.32453918457031},"rotation":{"x":-0.04285264387726784,"y":-0.02840164303779602,"z":0.002529628574848175,"w":-0.9991645812988281},"size":1.5633243322372437,"orthographic":false}