{"cameraMode":{"drawMode":0,"name":"Shaded","section":"Shading Mode"},"sceneLighting":true,"audioPlay":false,"sceneViewState":{"m_AlwaysRefresh":false,"showFog":true,"showSkybox":true,"showFlares":true,"showImageEffects":true,"showParticleSystems":true,"showVisualEffectGraphs":true,"m_FxEnabled":true},"in2DMode":false,"pivot":{"x":-10.51550006866455,"y":1.9404414892196656,"z":-1.4583959579467774},"rotation":{"x":0.000044750158849637955,"y":0.9996287226676941,"z":0.009013460017740727,"w":0.03891780599951744},"size":0.8660253882408142,"orthographic":false}