{"cameraMode":{"drawMode":0,"name":"Shaded","section":"Shading Mode"},"sceneLighting":true,"audioPlay":false,"sceneViewState":{"m_AlwaysRefresh":false,"showFog":true,"showSkybox":true,"showFlares":true,"showImageEffects":true,"showParticleSystems":true,"showVisualEffectGraphs":true,"m_FxEnabled":true},"in2DMode":false,"pivot":{"x":-7.010043144226074,"y":2.437262773513794,"z":-6.694587707519531},"rotation":{"x":-0.05885437875986099,"y":0.12250978499650955,"z":-0.007876483723521233,"w":-0.9909095168113709},"size":0.8660253882408142,"orthographic":false}