{"cameraMode":{"drawMode":0,"name":"Shaded","section":"Shading Mode"},"sceneLighting":true,"audioPlay":false,"sceneViewState":{"m_AlwaysRefresh":false,"showFog":true,"showSkybox":true,"showFlares":true,"showImageEffects":true,"showParticleSystems":true,"showVisualEffectGraphs":true,"m_FxEnabled":true},"in2DMode":false,"pivot":{"x":-12.983213424682618,"y":2.849762439727783,"z":1.7454819679260255},"rotation":{"x":-0.0021830324549227955,"y":0.3562970757484436,"z":0.001522117992863059,"w":-0.9346646070480347},"size":0.41308996081352236,"orthographic":false}