{"cameraMode":{"drawMode":0,"name":"Shaded","section":"Shading Mode"},"sceneLighting":true,"audioPlay":false,"sceneViewState":{"m_AlwaysRefresh":false,"showFog":true,"showSkybox":true,"showFlares":true,"showImageEffects":true,"showParticleSystems":true,"showVisualEffectGraphs":true,"m_FxEnabled":true},"in2DMode":false,"pivot":{"x":-7.579339504241943,"y":2.5181546211242677,"z":-2.916842222213745},"rotation":{"x":0.11866065114736557,"y":-0.36718985438346865,"z":0.045923758298158649,"w":0.9221076369285584},"size":0.7147143483161926,"orthographic":false}