{"cameraMode":{"drawMode":0,"name":"Shaded","section":"Shading Mode"},"sceneLighting":true,"audioPlay":false,"sceneViewState":{"m_AlwaysRefresh":false,"showFog":true,"showSkybox":true,"showFlares":true,"showImageEffects":true,"showParticleSystems":true,"showVisualEffectGraphs":true,"m_FxEnabled":false},"in2DMode":false,"pivot":{"x":-17.58037757873535,"y":0.9526433944702148,"z":36.50420379638672},"rotation":{"x":0.018508445471525193,"y":-0.9975191354751587,"z":-0.09639523923397064,"w":-0.013301719911396504},"size":2.84855318069458,"orthographic":false}