{"cameraMode":{"drawMode":0,"name":"Shaded","section":"Shading Mode"},"sceneLighting":true,"audioPlay":false,"sceneViewState":{"m_AlwaysRefresh":false,"showFog":true,"showSkybox":true,"showFlares":true,"showImageEffects":true,"showParticleSystems":true,"showVisualEffectGraphs":true,"m_FxEnabled":true},"in2DMode":false,"pivot":{"x":-14.398387908935547,"y":1.4889990091323853,"z":9.34427261352539},"rotation":{"x":0.1017637625336647,"y":0.03483378887176514,"z":-0.003597105387598276,"w":0.9942225813865662},"size":0.5903488397598267,"orthographic":false}