{"cameraMode":{"drawMode":0,"name":"Shaded","section":"Shading Mode"},"sceneLighting":true,"audioPlay":false,"sceneViewState":{"m_AlwaysRefresh":false,"showFog":true,"showSkybox":true,"showFlares":true,"showImageEffects":true,"showParticleSystems":true,"showVisualEffectGraphs":true,"m_FxEnabled":true},"in2DMode":false,"pivot":{"x":-9.768558502197266,"y":1.715495228767395,"z":0.1120443344116211},"rotation":{"x":0.051928553730249408,"y":-0.2335217446088791,"z":0.006130190100520849,"w":0.9718194603919983},"size":4.903661727905273,"orthographic":false}