{"cameraMode":{"drawMode":0,"name":"Shaded","section":"Shading Mode"},"sceneLighting":true,"audioPlay":false,"sceneViewState":{"m_AlwaysRefresh":false,"showFog":true,"showSkybox":true,"showFlares":true,"showImageEffects":true,"showParticleSystems":true,"showVisualEffectGraphs":true,"m_FxEnabled":true},"in2DMode":false,"pivot":{"x":-3.0770370960235597,"y":2.882413625717163,"z":0.8423864245414734},"rotation":{"x":0.17751146852970124,"y":-0.02552862837910652,"z":0.004502307157963514,"w":0.9838728904724121},"size":0.3512433171272278,"orthographic":false}