{"cameraMode":{"drawMode":0,"name":"Shaded","section":"Shading Mode"},"sceneLighting":true,"audioPlay":false,"sceneViewState":{"m_AlwaysRefresh":false,"showFog":true,"showSkybox":true,"showFlares":true,"showImageEffects":true,"showParticleSystems":true,"showVisualEffectGraphs":true,"m_FxEnabled":false},"in2DMode":false,"pivot":{"x":-2.5100741386413576,"y":2.642220973968506,"z":0.31613099575042727},"rotation":{"x":-0.08412785828113556,"y":0.2997344732284546,"z":-0.035502515733242038,"w":-0.951676607131958},"size":0.9049965143203735,"orthographic":false}