{"cameraMode":{"drawMode":0,"name":"Shaded","section":"Shading Mode"},"sceneLighting":true,"audioPlay":false,"sceneViewState":{"m_AlwaysRefresh":false,"showFog":true,"showSkybox":true,"showFlares":true,"showImageEffects":true,"showParticleSystems":true,"showVisualEffectGraphs":true,"m_FxEnabled":true},"in2DMode":false,"pivot":{"x":-15.568936347961426,"y":3.8765852451324465,"z":3.8297266960144045},"rotation":{"x":0.033606480807065967,"y":0.8914139866828919,"z":-0.05529218167066574,"w":0.45094501972198489},"size":0.8660253882408142,"orthographic":false}