{"cameraMode":{"drawMode":0,"name":"Shaded","section":"Shading Mode"},"sceneLighting":true,"audioPlay":false,"sceneViewState":{"m_AlwaysRefresh":false,"showFog":true,"showSkybox":true,"showFlares":true,"showImageEffects":true,"showParticleSystems":true,"showVisualEffectGraphs":true,"m_FxEnabled":true},"in2DMode":false,"pivot":{"x":-0.14443907141685487,"y":1.9248991012573243,"z":-3.250824213027954},"rotation":{"x":0.055802375078201297,"y":-0.8512693047523499,"z":0.09223324060440064,"w":0.5137014985084534},"size":0.8660253882408142,"orthographic":false}