{"cameraMode":{"drawMode":0,"name":"Shaded","section":"Shading Mode"},"sceneLighting":true,"audioPlay":false,"sceneViewState":{"m_AlwaysRefresh":false,"showFog":true,"showSkybox":true,"showFlares":true,"showImageEffects":true,"showParticleSystems":true,"showVisualEffectGraphs":true,"m_FxEnabled":true},"in2DMode":false,"pivot":{"x":76.1307144165039,"y":-20.473567962646486,"z":-104.95902252197266},"rotation":{"x":0.024975765496492387,"y":0.9414783120155335,"z":-0.07223911583423615,"w":0.32866328954696658},"size":77.12165069580078,"orthographic":false}