{"cameraMode":{"drawMode":0,"name":"Shaded","section":"Shading Mode"},"sceneLighting":true,"audioPlay":false,"sceneViewState":{"m_AlwaysRefresh":false,"showFog":true,"showSkybox":true,"showFlares":true,"showImageEffects":true,"showParticleSystems":true,"showVisualEffectGraphs":true,"m_FxEnabled":false},"in2DMode":false,"pivot":{"x":-18.159364700317384,"y":1.2509851455688477,"z":6.908535480499268},"rotation":{"x":-0.022169459611177446,"y":0.5528411865234375,"z":-0.019831858575344087,"w":-0.8343017101287842},"size":1.7761847972869874,"orthographic":false}