{"cameraMode":{"drawMode":0,"name":"Shaded","section":"Shading Mode"},"sceneLighting":true,"audioPlay":false,"sceneViewState":{"m_AlwaysRefresh":false,"showFog":true,"showSkybox":true,"showFlares":true,"showImageEffects":true,"showParticleSystems":true,"showVisualEffectGraphs":true,"m_FxEnabled":true},"in2DMode":false,"pivot":{"x":-23.423927307128908,"y":4.605380535125732,"z":20.92581558227539},"rotation":{"x":0.09590183198451996,"y":-0.4255443215370178,"z":0.045898985117673877,"w":0.8988571166992188},"size":1.3449110984802247,"orthographic":false}