{"cameraMode":{"drawMode":0,"name":"Shaded","section":"Shading Mode"},"sceneLighting":true,"audioPlay":false,"sceneViewState":{"m_AlwaysRefresh":false,"showFog":true,"showSkybox":true,"showFlares":true,"showImageEffects":true,"showParticleSystems":true,"showVisualEffectGraphs":true,"m_FxEnabled":true},"in2DMode":false,"pivot":{"x":-15.968708038330079,"y":3.255112648010254,"z":7.523619174957275},"rotation":{"x":0.013946931809186936,"y":0.983552873134613,"z":-0.07064281404018402,"w":0.16985554993152619},"size":0.16461677849292756,"orthographic":false}