{"cameraMode":{"drawMode":0,"name":"Shaded","section":"Shading Mode"},"sceneLighting":true,"audioPlay":false,"sceneViewState":{"m_AlwaysRefresh":false,"showFog":true,"showSkybox":true,"showFlares":true,"showImageEffects":true,"showParticleSystems":true,"showVisualEffectGraphs":true,"m_FxEnabled":true},"in2DMode":false,"pivot":{"x":49.80680847167969,"y":55.45552444458008,"z":-42.542625427246097},"rotation":{"x":0.0011621146695688367,"y":0.36403703689575198,"z":-0.001145574962720275,"w":0.9318493604660034},"size":72.65510559082031,"orthographic":false}