{"cameraMode":{"drawMode":0,"name":"Shaded","section":"Shading Mode"},"sceneLighting":true,"audioPlay":false,"sceneViewState":{"m_AlwaysRefresh":false,"showFog":true,"showSkybox":true,"showFlares":true,"showImageEffects":true,"showParticleSystems":true,"showVisualEffectGraphs":true,"m_FxEnabled":false},"in2DMode":false,"pivot":{"x":-26.781469345092775,"y":2.852875232696533,"z":23.96600341796875},"rotation":{"x":0.0016765736509114504,"y":0.8833949565887451,"z":-0.010356644168496132,"w":0.47184717655181887},"size":1.4070827960968018,"orthographic":false}