{"cameraMode":{"drawMode":0,"name":"Shaded","section":"Shading Mode"},"sceneLighting":true,"audioPlay":false,"sceneViewState":{"m_AlwaysRefresh":false,"showFog":true,"showSkybox":true,"showFlares":true,"showImageEffects":true,"showParticleSystems":true,"showVisualEffectGraphs":true,"m_FxEnabled":true},"in2DMode":false,"pivot":{"x":-10.42154598236084,"y":-10.119544982910157,"z":37.18790054321289},"rotation":{"x":0.15335288643836976,"y":0.0076690237037837509,"z":-0.009526857174932957,"w":0.9890161752700806},"size":23.886205673217775,"orthographic":false}