{"cameraMode":{"drawMode":0,"name":"Shaded","section":"Shading Mode"},"sceneLighting":true,"audioPlay":false,"sceneViewState":{"m_AlwaysRefresh":false,"showFog":true,"showSkybox":true,"showFlares":true,"showImageEffects":true,"showParticleSystems":true,"showVisualEffectGraphs":true,"m_FxEnabled":false},"in2DMode":false,"pivot":{"x":-17.745601654052736,"y":3.644899368286133,"z":3.055368185043335},"rotation":{"x":-0.046005889773368838,"y":-0.8819993734359741,"z":0.09709956496953964,"w":-0.4621697962284088},"size":0.1790212094783783,"orthographic":false}