{"cameraMode":{"drawMode":0,"name":"Shaded","section":"Shading Mode"},"sceneLighting":true,"audioPlay":false,"sceneViewState":{"m_AlwaysRefresh":false,"showFog":true,"showSkybox":true,"showFlares":true,"showImageEffects":true,"showParticleSystems":true,"showVisualEffectGraphs":true,"m_FxEnabled":true},"in2DMode":false,"pivot":{"x":-3.6989998817443849,"y":1.9529998302459717,"z":16.65896987915039},"rotation":{"x":0.11949881166219711,"y":-0.16763852536678315,"z":0.02049262821674347,"w":0.978711724281311},"size":2.578425168991089,"orthographic":false}