{"cameraMode":{"drawMode":0,"name":"Shaded","section":"Shading Mode"},"sceneLighting":true,"audioPlay":false,"sceneViewState":{"m_AlwaysRefresh":false,"showFog":true,"showSkybox":true,"showFlares":true,"showImageEffects":true,"showParticleSystems":true,"showVisualEffectGraphs":true,"m_FxEnabled":false},"in2DMode":false,"pivot":{"x":-34.64582061767578,"y":-1.8822906017303467,"z":21.767925262451173},"rotation":{"x":-0.043375201523303989,"y":0.42679068446159365,"z":-0.02999717742204666,"w":-0.9057571887969971},"size":21.413429260253908,"orthographic":false}