{"cameraMode":{"drawMode":0,"name":"Shaded","section":"Shading Mode"},"sceneLighting":true,"audioPlay":false,"sceneViewState":{"m_AlwaysRefresh":false,"showFog":true,"showSkybox":true,"showFlares":true,"showImageEffects":true,"showParticleSystems":true,"showVisualEffectGraphs":true,"m_FxEnabled":true},"in2DMode":false,"pivot":{"x":-7.79072904586792,"y":2.5137643814086916,"z":-3.8067147731781008},"rotation":{"x":-0.12335072457790375,"y":0.3188161551952362,"z":-0.041532088071107867,"w":-0.9390580654144287},"size":2.0609967708587648,"orthographic":false}